pre, post, type, neurotransmitter, weight
VB04,AVBR,GapJunction,Acetylcholine_GJ,1
VB04,DD03,Send,Acetylcholine,16
VB04,DD02,Send,Acetylcholine,6
VB04,VB05,GapJunction,Acetylcholine_GJ,1
VB04,DB01,GapJunction,Acetylcholine_GJ,1
VB04,DB04,GapJunction,Acetylcholine_GJ,1
VB04,AVBL,GapJunction,Acetylcholine_GJ,1
ADLL,ASHL,Send,FMRFamide,2
ADLL,AIBR,Send,FMRFamide,1
ADLL,AVDR,Send,FMRFamide,4
ADLL,ASER,Send,FMRFamide,3
ADLL,RMGL,GapJunction,FMRFamide_GJ,1
ADLL,AVAR,Send,FMRFamide,3
ADLL,AWBL,Send,FMRFamide,2
ADLL,ALA,Send,FMRFamide,2
ADLL,AVAL,Send,FMRFamide,2
ADLL,AIAL,Send,FMRFamide,6
ADLL,AVJR,Send,FMRFamide,3
ADLL,AVJL,Send,FMRFamide,1
ADLL,OLQVL,GapJunction,FMRFamide_GJ,1
ADLL,AVDL,Send,FMRFamide,1
ADLL,RIPL,Send,FMRFamide,1
ADLL,AIBL,Send,FMRFamide,7
ADLL,ADLR,GapJunction,FMRFamide_GJ,1
ADLL,AVBL,Send,FMRFamide,2
VD07,VA09,GapJunction,GABA_GJ,1
VD07,VD06,GapJunction,GABA_GJ,1
HSNL,ASHL,Send,Serotonin_Acetylcholine,1
HSNL,SABVL,Send,Serotonin_Acetylcholine,2
HSNL,AVFL,Send,Serotonin_Acetylcholine,6
HSNL,AIZL,Send,Serotonin_Acetylcholine,2
HSNL,AVDR,Send,Serotonin_Acetylcholine,2
HSNL,AWBR,Send,Serotonin_Acetylcholine,2
HSNL,RIML,Send,Serotonin_Acetylcholine,2
HSNL,AWBL,Send,Serotonin_Acetylcholine,1
HSNL,AIAL,Send,Serotonin_Acetylcholine,1
HSNL,AVJL,Send,Serotonin_Acetylcholine,1
HSNL,ASJR,Send,Serotonin_Acetylcholine,1
HSNL,ASKL,Send,Serotonin_Acetylcholine,1
HSNL,AIZR,Send,Serotonin_Acetylcholine,1
HSNL,HSNR,Send,Serotonin_Acetylcholine,3
HSNL,RIFL,Send,Serotonin_Acetylcholine,3
HSNL,ASHR,Send,Serotonin_Acetylcholine,2
HSNL,VC05,Send,Serotonin_Acetylcholine,3
SIBDR,AIML,GapJunction,Acetylcholine_GJ,1
SIBDR,RIBR,GapJunction,Acetylcholine_GJ,1
SIBDR,SIBVR,GapJunction,Acetylcholine_GJ,1
CEPVR,URAVR,Send,Dopamine,1
CEPVR,RMDDR,Send,Dopamine,2
CEPVR,AVEL,Send,Dopamine,5
CEPVR,IL01VR,Send,Dopamine,1
CEPVR,RICR,Send,Dopamine,2
CEPVR,IL02VR,Send,Dopamine,2
CEPVR,RIPR,Send,Dopamine,1
CEPVR,RICL,Send,Dopamine,2
CEPVR,ASGR,Send,Dopamine,1
CEPVR,RIH,GapJunction,Dopamine_GJ,1
CEPVR,OLQVR,Send,Dopamine,3
CEPVR,SIAVR,Send,Dopamine,2
CEPVR,OLLR,Send,Dopamine,7
CEPVR,RIVL,Send,Dopamine,1
CEPVR,RMHR,Send,Dopamine,2
PHCR,LUAR,Send,Glutamate,1
PHCR,PVCR,Send,Glutamate,8
PHCR,PHCL,Send,Glutamate,1
PHCR,DVA,Send,Glutamate,8
PHCR,AVHR,Send,Glutamate,1
PHCR,DA09,Send,Glutamate,2
PHCR,VA01,GapJunction,Glutamate_GJ,1
VD08,VA08,Send,GABA,4
VD08,DD04,Send,GABA,1
VA08,AVBR,GapJunction,Acetylcholine_GJ,1
VA08,AS06,GapJunction,Acetylcholine_GJ,1
VA08,VD07,Send,Acetylcholine,5
VA08,VD08,Send,Acetylcholine,5
VA08,AVAR,GapJunction,Acetylcholine_GJ,4
VA08,VA08,GapJunction,Acetylcholine_GJ,1
VA08,DD04,Send,Acetylcholine,21
VA08,AVAL,GapJunction,Acetylcholine_GJ,10
VA08,VA09,Send,Acetylcholine,1
VA08,VB06,Send,Acetylcholine,1
VA08,VB09,GapJunction,Acetylcholine_GJ,3
VA08,VB08,GapJunction,Acetylcholine_GJ,3
VA08,PDER,GapJunction,Acetylcholine_GJ,1
VA08,PVCR,GapJunction,Acetylcholine_GJ,2
AIYR,AWAR,Send,Acetylcholine,1
AIYR,RIAR,Send,Acetylcholine,6
AIYR,HSNL,Send,Acetylcholine,1
AIYR,RIMR,GapJunction,Acetylcholine_GJ,1
AIYR,RIBR,Send,Acetylcholine,2
AIYR,ADFR,Send,Acetylcholine,1
AIYR,AIZR,Send,Acetylcholine,8
AIYR,AIYL,GapJunction,Acetylcholine_GJ,1
M02R,I03,Send,Acetylcholine,2
M02R,MI,Send,Acetylcholine,2
M02R,M03R,GapJunction,Acetylcholine_GJ,1
M02R,I01R,Send,Acetylcholine,3
M02R,M05,GapJunction,Acetylcholine_GJ,1
M02R,I01L,Send,Acetylcholine,3
M02R,M03L,GapJunction,Acetylcholine_GJ,1
CEPVL,ADLL,Send,Dopamine,1
CEPVL,OLLL,Send,Dopamine,4
CEPVL,SIAVL,Send,Dopamine,1
CEPVL,OLQVL,Send,Dopamine,6
CEPVL,RICR,Send,Dopamine,4
CEPVL,RIPL,Send,Dopamine,1
CEPVL,RMDDL,Send,Dopamine,4
CEPVL,RICL,Send,Dopamine,7
CEPVL,RMHL,Send,Dopamine,1
CEPVL,RIH,GapJunction,Dopamine_GJ,1
CEPVL,IL01VL,Send,Dopamine,2
CEPVL,AVER,Send,Dopamine,3
CEPVL,URAVL,Send,Dopamine,2
DB01,AS03,Send,Acetylcholine,1
DB01,AS02,Send,Acetylcholine,1
DB01,AIBR,GapJunction,Acetylcholine_GJ,1
DB01,VD02,Send,Acetylcholine,15
DB01,VD01,Send,Acetylcholine,21
DB01,AVBR,GapJunction,Acetylcholine_GJ,3
DB01,DD01,Send,Acetylcholine,10
DB01,DVA,GapJunction,Acetylcholine_GJ,1
DB01,AS01,Send,Acetylcholine,1
DB01,RIS,GapJunction,Acetylcholine_GJ,1
DB01,VB03,GapJunction,Acetylcholine_GJ,1
DB01,VB04,GapJunction,Acetylcholine_GJ,1
DB01,VD03,Send,Acetylcholine,1
DB01,RID,GapJunction,Acetylcholine_GJ,1
DB01,DB02,GapJunction,Acetylcholine_GJ,1
DB01,DB04,GapJunction,Acetylcholine_GJ,1
OLLR,SMDVL,Send,Glutamate,4
OLLR,OLLL,GapJunction,Glutamate_GJ,2
OLLR,AVEL,Send,Glutamate,16
OLLR,CEPVR,Send,Glutamate,6
OLLR,RMER,Send,Glutamate,2
OLLR,RIBR,Send,Glutamate,10
OLLR,RMDVR,Send,Glutamate,3
OLLR,SMDVR,Send,Glutamate,3
OLLR,RMDDR,Send,Glutamate,10
OLLR,IL02R,Send,Glutamate,1
OLLR,SMDDR,Send,Glutamate,1
OLLR,IL01VR,Send,Glutamate,1
OLLR,RIGR,GapJunction,Glutamate_GJ,1
OLLR,CEPDR,Send,Glutamate,1
OLLR,RMDL,Send,Glutamate,3
OLLR,IL01DR,Send,Glutamate,2
DB03,AVBR,GapJunction,Acetylcholine_GJ,1
DB03,VD05,Send,Acetylcholine,26
DB03,VD04,Send,Acetylcholine,9
DB03,AS05,Send,Acetylcholine,1
DB03,AS04,Send,Acetylcholine,1
DB03,DD03,Send,Acetylcholine,10
DB03,DD02,Send,Acetylcholine,4
DB03,VD06,Send,Acetylcholine,7
DB03,DA04,GapJunction,Acetylcholine_GJ,1
DB03,DB02,GapJunction,Acetylcholine_GJ,6
DB03,DB04,GapJunction,Acetylcholine_GJ,1
DB03,AVBL,GapJunction,Acetylcholine_GJ,1
DB02,AVBR,GapJunction,Acetylcholine_GJ,1
DB02,VD03,Send,Acetylcholine,23
DB02,VD05,Send,Acetylcholine,1
DB02,VD04,Send,Acetylcholine,14
DB02,DD02,Send,Acetylcholine,2
DB02,VB01,GapJunction,Acetylcholine_GJ,2
DB02,DA03,Send,Acetylcholine,5
DB02,DB01,GapJunction,Acetylcholine_GJ,1
DB02,DB03,GapJunction,Acetylcholine_GJ,6
DB05,AVBR,GapJunction,Acetylcholine_GJ,1
DB05,AVAR,GapJunction,Acetylcholine_GJ,2
DB05,AVBL,GapJunction,Acetylcholine_GJ,1
AIYL,AIYR,GapJunction,Acetylcholine_GJ,1
AIYL,AIZL,Send,Acetylcholine,13
AIYL,AWCR,Send,Acetylcholine,1
AIYL,RIBL,Send,Acetylcholine,4
AIYL,AWCL,Send,Acetylcholine,1
AIYL,RIML,GapJunction,Acetylcholine_GJ,1
AIYL,HSNR,Send,Acetylcholine,1
AIYL,RIAL,Send,Acetylcholine,7
AIYL,AWAL,Send,Acetylcholine,3
DB07,AVBR,GapJunction,Acetylcholine_GJ,1
DB07,VD01,Send,Acetylcholine,2
DB07,AVBL,GapJunction,Acetylcholine_GJ,2
VB07,AVBR,GapJunction,Acetylcholine_GJ,2
VB07,DD04,Send,Acetylcholine,2
VB07,VB02,GapJunction,Acetylcholine_GJ,2
VB07,AVBL,GapJunction,Acetylcholine_GJ,2
URAVR,RMER,Send,Acetylcholine,2
URAVR,RIPR,Send,Acetylcholine,3
URAVR,IL01R,Send,Acetylcholine,1
URAVR,RMDVL,Send,Acetylcholine,1
URAVR,RMEV,Send,Acetylcholine,2
NSMR,M03R,Send,Serotonin_Glutamate,1
NSMR,I02R,Send,Serotonin_Glutamate,6
NSMR,I05,Send,Serotonin_Glutamate,2
NSMR,I04,Send,Serotonin_Glutamate,3
NSMR,I01R,Send,Serotonin_Glutamate,2
NSMR,I01L,Send,Serotonin_Glutamate,2
NSMR,M03L,Send,Serotonin_Glutamate,1
NSMR,I02L,Send,Serotonin_Glutamate,6
NSMR,I06,Send,Serotonin_Glutamate,2
NSMR,I03,Send,Serotonin_Glutamate,2
ASKR,AWAR,Send,Glutamate,1
ASKR,RIFR,Send,Glutamate,1
ASKR,CEPVR,Send,Glutamate,1
ASKR,AIAR,Send,Glutamate,11
ASKR,AIMR,Send,Glutamate,1
ASKR,RMGR,GapJunction,Glutamate_GJ,1
ASKR,ASKL,GapJunction,Glutamate_GJ,1
ASKR,ASHR,GapJunction,Glutamate_GJ,1
ASKR,PVQR,GapJunction,Glutamate_GJ,4
RMFR,AVKR,Send,Glutamate,3
RMFR,AVKL,Send,Glutamate,3
RMFR,RMDL,Send,Glutamate,2
AWCR,AIBR,Send,Glutamate,4
AWCR,AIYR,Send,Glutamate,9
AWCR,AIAR,Send,Glutamate,1
AWCR,ASGR,Send,Glutamate,1
AWCR,AWCL,Send,Glutamate,5
AWCR,ASEL,Send,Glutamate,1
AWCR,AIYL,Send,Glutamate,4
AVAR,PDEL,Send,FMRFamide,1
AVAR,PVCR,Send,FMRFamide,5
AVAR,VA02,Send,FMRFamide,2
AVAR,DB03,Send,FMRFamide,1
AVAR,PVCL,Send,FMRFamide,7
AVAR,DB05,GapJunction,FMRFamide_GJ,2
AVAR,PDER,Send,FMRFamide,1
AVAR,VA01,GapJunction,FMRFamide_GJ,1
AVAR,DB06,Send,FMRFamide,5
AVAR,VA01,Send,FMRFamide,8
AVAR,VA08,Send,FMRFamide,12
AVAR,RIMR,GapJunction,FMRFamide_GJ,1
AVAR,ADER,Send,FMRFamide,1
AVAR,VA01,Send,FMRFamide,4
AVAR,URYVL,GapJunction,FMRFamide_GJ,1
AVAR,SABVR,GapJunction,FMRFamide_GJ,1
AVAR,SABVL,GapJunction,FMRFamide_GJ,3
AVAR,AVAL,GapJunction,FMRFamide_GJ,5
AVAR,VA09,Send,FMRFamide,6
AVAR,AS01,Send,FMRFamide,6
AVAR,AS01,Send,FMRFamide,1
AVAR,AVER,Send,FMRFamide,2
AVAR,VA03,Send,FMRFamide,5
AVAR,VA06,Send,FMRFamide,3
AVAR,VA07,GapJunction,FMRFamide_GJ,4
AVAR,SABD,Send,FMRFamide,1
AVAR,VA05,GapJunction,FMRFamide_GJ,3
AVAR,AS03,Send,FMRFamide,1
AVAR,AS02,Send,FMRFamide,2
AVAR,AS01,GapJunction,FMRFamide_GJ,2
AVAR,AS07,GapJunction,FMRFamide_GJ,5
AVAR,AS06,Send,FMRFamide,2
AVAR,AS05,Send,FMRFamide,1
AVAR,AS04,Send,FMRFamide,1
AVAR,AS09,Send,FMRFamide,5
AVAR,AS08,Send,FMRFamide,6
AVAR,URYDR,GapJunction,FMRFamide_GJ,1
AVAR,DA04,Send,FMRFamide,6
AVAR,DA05,GapJunction,FMRFamide_GJ,5
AVAR,DA06,Send,FMRFamide,11
AVAR,DA07,Send,FMRFamide,3
AVAR,DA01,GapJunction,FMRFamide_GJ,6
AVAR,DA02,GapJunction,FMRFamide_GJ,2
AVAR,DA03,Send,FMRFamide,3
AVAR,RIML,GapJunction,FMRFamide_GJ,2
AVAR,DA08,Send,FMRFamide,8
AVAR,DA09,Send,FMRFamide,2
AVAR,VD01,Send,FMRFamide,2
AVAR,LUAR,Send,FMRFamide,3
AVAR,AVEL,Send,FMRFamide,2
AVAR,RIGL,Send,FMRFamide,1
AVAR,AVDR,Send,FMRFamide,2
AVAR,VA04,GapJunction,FMRFamide_GJ,3
AVAR,AVDL,Send,FMRFamide,1
AVAR,VB09,GapJunction,FMRFamide_GJ,4
AVAR,LUAL,Send,FMRFamide,1
AVAR,AVBL,Send,FMRFamide,1
RIS,AIBR,GapJunction,GABA_GJ,1
RIS,RMDR,Send,GABA,4
RIS,AVKR,Send,GABA,4
RIS,RMDL,Send,GABA,2
RIS,SMDVR,Send,GABA,1
RIS,RIML,Send,GABA,1
RIS,SMDVL,GapJunction,GABA_GJ,1
RIS,AVKL,Send,GABA,1
RIS,CEPVL,Send,GABA,2
RIS,DB01,GapJunction,GABA_GJ,1
RIS,OLLR,Send,GABA,1
RIS,AVEL,Send,GABA,7
RIS,RIBR,Send,GABA,5
RIS,URYVR,Send,GABA,1
RIS,RIBL,Send,GABA,3
RIS,CEPVR,Send,GABA,1
RIS,AVER,Send,GABA,7
RIS,RIMR,Send,GABA,4
RIS,AVJL,GapJunction,GABA_GJ,1
RIS,RMDDL,Send,GABA,1
RIS,CEPDR,Send,GABA,1
RIS,SMDDL,GapJunction,GABA_GJ,1
RIS,AVL,Send,GABA,2
RIS,SMDDR,Send,GABA,2
SMBVL,SAAVR,GapJunction,Acetylcholine_GJ,2
SMBVL,SAADL,Send,Acetylcholine,3
SMBVL,RMEV,Send,Acetylcholine,5
SMBVL,PLNL,Send,Acetylcholine,1
RICR,SMDVR,Send,Octapamine,1
RICR,SMDVL,Send,Octapamine,2
RICR,ADAR,Send,Octapamine,1
RICR,AVAR,Send,Octapamine,5
RICR,SMBDR,Send,Octapamine,1
RICR,SMDDL,Send,Octapamine,4
RICR,AVAL,Send,Octapamine,5
RICR,SMDDR,Send,Octapamine,3
RICR,AVKL,GapJunction,Octapamine_GJ,1
RICR,ASHR,GapJunction,Octapamine_GJ,2
AVAL,FLPL,GapJunction,FMRFamide_GJ,1
AVAL,AVJL,GapJunction,FMRFamide_GJ,2
AVAL,PVCR,GapJunction,FMRFamide_GJ,5
AVAL,PVCL,Send,FMRFamide,10
AVAL,DB05,Send,FMRFamide,2
AVAL,VA01,Send,FMRFamide,6
AVAL,VA01,Send,FMRFamide,2
AVAL,DB06,GapJunction,FMRFamide_GJ,3
AVAL,RIMR,GapJunction,FMRFamide_GJ,3
AVAL,VA09,Send,FMRFamide,7
AVAL,VA01,Send,FMRFamide,5
AVAL,AVAR,GapJunction,FMRFamide_GJ,5
AVAL,PVPL,GapJunction,FMRFamide_GJ,1
AVAL,SABVR,GapJunction,FMRFamide_GJ,1
AVAL,VA08,GapJunction,FMRFamide_GJ,10
AVAL,URYVR,GapJunction,FMRFamide_GJ,1
AVAL,AS01,Send,FMRFamide,4
AVAL,AS01,Send,FMRFamide,2
AVAL,VA02,GapJunction,FMRFamide_GJ,4
AVAL,VA03,Send,FMRFamide,2
AVAL,VA01,GapJunction,FMRFamide_GJ,3
AVAL,VA06,GapJunction,FMRFamide_GJ,6
AVAL,VA07,GapJunction,FMRFamide_GJ,2
AVAL,SABD,GapJunction,FMRFamide_GJ,4
AVAL,VA05,GapJunction,FMRFamide_GJ,5
AVAL,AS03,GapJunction,FMRFamide_GJ,2
AVAL,AS02,Send,FMRFamide,1
AVAL,AS01,GapJunction,FMRFamide_GJ,3
AVAL,AS07,Send,FMRFamide,8
AVAL,AS06,GapJunction,FMRFamide_GJ,1
AVAL,AS05,Send,FMRFamide,3
AVAL,AS04,Send,FMRFamide,1
AVAL,AS09,Send,FMRFamide,8
AVAL,AS08,Send,FMRFamide,5
AVAL,DA04,Send,FMRFamide,7
AVAL,DA05,Send,FMRFamide,7
AVAL,DA06,Send,FMRFamide,11
AVAL,DA07,GapJunction,FMRFamide_GJ,2
AVAL,DA01,GapJunction,FMRFamide_GJ,2
AVAL,DA02,GapJunction,FMRFamide_GJ,2
AVAL,DA03,Send,FMRFamide,6
AVAL,DA08,Send,FMRFamide,4
AVAL,DA09,Send,FMRFamide,3
AVAL,AVBR,Send,FMRFamide,1
AVAL,SDQR,GapJunction,FMRFamide_GJ,1
AVAL,AVHL,Send,FMRFamide,1
AVAL,URYDL,GapJunction,FMRFamide_GJ,1
AVAL,VA04,Send,FMRFamide,2
AVAL,AVDL,Send,FMRFamide,1
AVAL,VB09,GapJunction,FMRFamide_GJ,5
AVAL,LUAL,GapJunction,FMRFamide_GJ,1
VA09,AVBR,GapJunction,Acetylcholine_GJ,1
VA09,VB08,Send,Acetylcholine,6
VA09,PVCR,GapJunction,Acetylcholine_GJ,1
VA09,VD07,GapJunction,Acetylcholine_GJ,1
VA09,VD09,Send,Acetylcholine,10
VA09,DVC,GapJunction,Acetylcholine_GJ,1
VA09,DVB,GapJunction,Acetylcholine_GJ,1
VA09,AVAL,GapJunction,Acetylcholine_GJ,1
VA09,DD05,Send,Acetylcholine,15
VA09,VB09,GapJunction,Acetylcholine_GJ,4
VA09,DD04,Send,Acetylcholine,3
VA09,PVT,Send,Acetylcholine,1
AWCL,AIBR,Send,Glutamate,1
AWCL,AWCR,Send,Glutamate,1
AWCL,RIAL,Send,Glutamate,3
AWCL,AIAR,Send,Glutamate,4
AWCL,AVAL,Send,Glutamate,1
AWCL,AIAL,Send,Glutamate,2
AWCL,ASEL,Send,Glutamate,1
AWCL,AIBL,Send,Glutamate,1
AWCL,AIYL,Send,Glutamate,10
AS01,VD01,Send,Acetylcholine,2
AS01,PDB,GapJunction,Acetylcholine_GJ,2
AS01,PDA,Send,Acetylcholine,1
AS01,AVAL,GapJunction,Acetylcholine_GJ,1
AS01,AVAR,GapJunction,Acetylcholine_GJ,1
VA02,VD01,Send,Acetylcholine,2
VA02,VD02,Send,Acetylcholine,8
VA02,DD01,Send,Acetylcholine,13
VA02,VB01,Send,Acetylcholine,2
VA02,AVAL,GapJunction,Acetylcholine_GJ,4
VA02,VA03,Send,Acetylcholine,2
VA02,SABD,GapJunction,Acetylcholine_GJ,3
ASKL,PVQL,GapJunction,Glutamate_GJ,5
ASKL,ASKR,GapJunction,Glutamate_GJ,1
ASKL,RMGL,GapJunction,Glutamate_GJ,1
ASKL,AIML,Send,Glutamate,2
ASKL,AIAL,Send,Glutamate,11
ASKL,AIBL,Send,Glutamate,2
NSML,M03R,Send,Serotonin_Glutamate,1
NSML,I02R,Send,Serotonin_Glutamate,6
NSML,I05,Send,Serotonin_Glutamate,2
NSML,I04,Send,Serotonin_Glutamate,3
NSML,I01R,Send,Serotonin_Glutamate,2
NSML,I01L,Send,Serotonin_Glutamate,1
NSML,M03L,Send,Serotonin_Glutamate,1
NSML,I02L,Send,Serotonin_Glutamate,6
NSML,I06,Send,Serotonin_Glutamate,2
NSML,I03,Send,Serotonin_Glutamate,2
RIH,CEPVR,Send,Serotonin,1
RIH,CEPVL,Send,Serotonin,1
RIH,RIPL,Send,Serotonin,5
RIH,RIPR,Send,Serotonin,3
RIH,OLQVR,Send,Serotonin,6
RIH,OLQDR,Send,Serotonin,2
RIH,RIBR,Send,Serotonin,4
RIH,URYVR,Send,Serotonin,1
RIH,RIBL,Send,Serotonin,5
RIH,OLQVL,Send,Serotonin,1
RIH,AUAR,Send,Serotonin,1
RIH,OLQDL,Send,Serotonin,2
RIH,CEPDL,Send,Serotonin,1
RIH,AIZL,Send,Serotonin,4
RIH,RMER,Send,Serotonin,2
RIH,RMEV,Send,Serotonin,1
RIH,FLPL,GapJunction,Serotonin_GJ,1
RIH,AIZR,Send,Serotonin,4
RIH,CEPDR,Send,Serotonin,1
RIH,BAGR,Send,Serotonin,1
RIH,RIAR,Send,Serotonin,8
RIH,IL02L,Send,Serotonin,2
RIH,ADFR,Send,Serotonin,1
RIH,IL02R,Send,Serotonin,1
RIH,RIAL,Send,Serotonin,11
VA06,VD05,Send,Acetylcholine,1
VA06,VD06,Send,Acetylcholine,2
VA06,DD03,Send,Acetylcholine,24
VA06,AVAR,GapJunction,Acetylcholine_GJ,2
VA06,AVAL,GapJunction,Acetylcholine_GJ,6
VA06,VB05,Send,Acetylcholine,2
VA07,VD07,Send,Acetylcholine,9
VA07,AS05,GapJunction,Acetylcholine_GJ,1
VA07,DD03,Send,Acetylcholine,3
VA07,AVAR,GapJunction,Acetylcholine_GJ,4
VA07,DD04,Send,Acetylcholine,12
VA07,VB03,GapJunction,Acetylcholine_GJ,1
VA07,AVAL,GapJunction,Acetylcholine_GJ,2
VA04,AS02,GapJunction,Acetylcholine_GJ,2
VA04,VD04,Send,Acetylcholine,3
VA04,DD02,Send,Acetylcholine,21
VA04,AVAR,GapJunction,Acetylcholine_GJ,3
VA04,VB03,Send,Acetylcholine,2
VA04,DA05,GapJunction,Acetylcholine_GJ,1
VA04,AVAL,GapJunction,Acetylcholine_GJ,1
VA04,AVDL,Send,Acetylcholine,1
VA04,SABD,GapJunction,Acetylcholine_GJ,1
VA05,AS03,GapJunction,Acetylcholine_GJ,2
VA05,VD05,Send,Acetylcholine,2
VA05,DD03,Send,Acetylcholine,13
VA05,DD02,Send,Acetylcholine,5
VA05,AVAR,GapJunction,Acetylcholine_GJ,3
VA05,DA05,GapJunction,Acetylcholine_GJ,2
VA05,AVAL,GapJunction,Acetylcholine_GJ,5
CEPDL,IL01DL,Send,Dopamine,4
CEPDL,URYDL,Send,Dopamine,2
CEPDL,SMBDR,Send,Dopamine,1
CEPDL,OLLL,Send,Dopamine,2
CEPDL,URBL,Send,Dopamine,4
CEPDL,RMGL,Send,Dopamine,4
CEPDL,URADL,Send,Dopamine,2
CEPDL,RICR,Send,Dopamine,2
CEPDL,RIS,Send,Dopamine,1
CEPDL,RMDVL,Send,Dopamine,3
CEPDL,RIPL,Send,Dopamine,2
CEPDL,RICL,Send,Dopamine,1
CEPDL,SIADR,Send,Dopamine,1
CEPDL,RIBL,Send,Dopamine,2
CEPDL,RIH,GapJunction,Dopamine_GJ,1
CEPDL,AVER,Send,Dopamine,5
CEPDL,RMHR,Send,Dopamine,4
CEPDL,OLQDL,Send,Dopamine,6
URYVL,AVBR,Send,Glutamate,1
URYVL,RIGL,GapJunction,Glutamate_GJ,1
URYVL,RMDVR,Send,Glutamate,2
URYVL,SIBVR,Send,Glutamate,1
URYVL,AVAR,GapJunction,Glutamate_GJ,1
URYVL,RIS,Send,Glutamate,1
URYVL,SMDVR,Send,Glutamate,4
URYVL,RMDDL,Send,Glutamate,4
URYVL,RIBL,Send,Glutamate,2
URYVL,RIH,Send,Glutamate,1
URYVL,IL01VL,Send,Glutamate,1
URYVL,AVER,Send,Glutamate,5
URYVL,RIAL,Send,Glutamate,1
PVQL,HSNL,Send,Glutamate,2
PVQL,ASJL,Send,Glutamate,1
PVQL,RMGL,Send,Glutamate,1
PVQL,ADAL,GapJunction,Glutamate_GJ,1
PVQL,AIAL,Send,Glutamate,3
PVQL,ASKL,GapJunction,Glutamate_GJ,5
PVQL,PVQR,GapJunction,Glutamate_GJ,2
FLPR,AVBR,Send,Glutamate,1
FLPR,AIBR,Send,Glutamate,1
FLPR,AVEL,Send,Glutamate,4
FLPR,ADER,Send,Glutamate,1
FLPR,AVDR,Send,Glutamate,1
FLPR,AVJR,Send,Glutamate,1
FLPR,AVAR,Send,Glutamate,5
FLPR,VB01,Send,Glutamate,1
FLPR,AVAL,Send,Glutamate,12
FLPR,FLPL,Send,Glutamate,2
FLPR,DVA,Send,Glutamate,1
FLPR,AVER,Send,Glutamate,2
FLPR,AVDL,Send,Glutamate,10
FLPR,PVCL,Send,Glutamate,2
FLPR,AVBL,Send,Glutamate,5
AVJR,AVBR,Send,Glutamate,1
AVJR,PVCR,Send,Glutamate,4
AVJR,AVDR,Send,Glutamate,3
AVJR,PVQR,Send,Glutamate,1
AVJR,AVAR,Send,Glutamate,1
AVJR,SABVL,Send,Glutamate,1
AVJR,AVAL,Send,Glutamate,1
AVJR,AVJL,GapJunction,Glutamate_GJ,4
AVJR,AVER,Send,Glutamate,3
AVJR,AVDL,Send,Glutamate,1
AVJR,PVCL,Send,Glutamate,2
AVJR,AVBL,Send,Glutamate,3
URYDR,AVEL,Send,Glutamate,2
URYDR,AVAR,GapJunction,Glutamate_GJ,1
URYDR,RIBR,Send,Glutamate,1
URYDR,RMDDL,Send,Glutamate,3
URYDR,SMDDL,Send,Glutamate,4
URYDR,RIGR,GapJunction,Glutamate_GJ,1
URYDR,AVER,Send,Glutamate,2
URYDR,RMDVR,Send,Glutamate,5
IL02VR,RIAR,Send,Serotonin,2
IL02VR,IL01VR,Send,Serotonin,6
IL02VR,RMER,Send,Serotonin,2
IL02VR,URXR,Send,Serotonin,1
IL02VR,RMEV,Send,Serotonin,3
IL02VR,RIPR,Send,Serotonin,15
IL02VR,RMEL,Send,Serotonin,3
IL02VR,RIH,Send,Serotonin,3
IL02VR,OLQVR,Send,Serotonin,1
IL02VR,URAVR,Send,Serotonin,4
IL02VL,BAGR,Send,Serotonin,1
IL02VL,URAVL,Send,Serotonin,3
IL02VL,OLQVL,Send,Serotonin,1
IL02VL,RMER,Send,Serotonin,4
IL02VL,IL02L,Send,Serotonin,1
IL02VL,RMEV,Send,Serotonin,1
IL02VL,RIPL,Send,Serotonin,11
IL02VL,RMEL,Send,Serotonin,1
IL02VL,RIH,Send,Serotonin,2
IL02VL,IL01VL,Send,Serotonin,7
IL02VL,RIAL,Send,Serotonin,1
URYDL,RIGL,GapJunction,Glutamate_GJ,1
URYDL,RMDDR,Send,Glutamate,4
URYDL,RMDVL,Send,Glutamate,6
URYDL,SMDDL,Send,Glutamate,1
URYDL,AVAL,GapJunction,Glutamate_GJ,1
URYDL,SMDDR,Send,Glutamate,1
URYDL,RIBL,Send,Glutamate,1
URYDL,AVER,Send,Glutamate,2
FLPL,AVBR,Send,Glutamate,5
FLPL,AIBR,Send,Glutamate,2
FLPL,ADER,Send,Glutamate,2
FLPL,AVDR,Send,Glutamate,13
FLPL,FLPR,GapJunction,Glutamate_GJ,2
FLPL,DVA,Send,Glutamate,1
FLPL,AVAR,Send,Glutamate,17
FLPL,AVAL,Send,Glutamate,14
FLPL,RIH,GapJunction,Glutamate_GJ,1
FLPL,ADEL,Send,Glutamate,2
FLPL,AVDL,Send,Glutamate,6
FLPL,AIBL,Send,Glutamate,1
FLPL,AVBL,Send,Glutamate,4
AVJL,AVBR,Send,Glutamate,4
AVJL,PVNR,Send,Glutamate,1
AVJL,PVCL,GapJunction,Glutamate_GJ,1
AVJL,PVCR,GapJunction,Glutamate_GJ,3
AVJL,AVEL,Send,Glutamate,1
AVJL,AVDR,GapJunction,Glutamate_GJ,2
AVJL,AVJR,GapJunction,Glutamate_GJ,4
AVJL,RIFR,Send,Glutamate,1
AVJL,AVAR,Send,Glutamate,1
AVJL,AVHL,Send,Glutamate,2
AVJL,PLMR,Send,Glutamate,2
AVJL,AVAL,GapJunction,Glutamate_GJ,2
AVJL,RIS,GapJunction,Glutamate_GJ,1
AVJL,AVDL,Send,Glutamate,1
AVJL,HSNR,Send,Glutamate,1
AVJL,AVFR,Send,Glutamate,1
AVJL,AVBL,Send,Glutamate,1
URBR,AVBR,Send,Acetylcholine,1
URBR,URXR,Send,Acetylcholine,6
URBR,OLQDR,GapJunction,Acetylcholine_GJ,1
URBR,RMDR,Send,Acetylcholine,1
URBR,ADAR,Send,Acetylcholine,1
URBR,RMDL,Send,Acetylcholine,1
URBR,RICR,Send,Acetylcholine,1
URBR,RMFL,GapJunction,Acetylcholine_GJ,1
URBR,IL02R,Send,Acetylcholine,1
URBR,OLQVR,GapJunction,Acetylcholine_GJ,1
URBR,SIAVR,Send,Acetylcholine,2
URBR,SMBDL,Send,Acetylcholine,1
URBR,IL01R,Send,Acetylcholine,3
URBR,CEPDR,Send,Acetylcholine,1
RMDR,RIAR,Send,Acetylcholine,7
RMDR,RIMR,Send,Acetylcholine,2
RMDR,RMDVR,GapJunction,Acetylcholine_GJ,1
RMDR,RIS,Send,Acetylcholine,1
RMDR,AVKL,Send,Acetylcholine,1
RMDR,RMDL,Send,Acetylcholine,1
RMDR,RMDDL,Send,Acetylcholine,1
RMDR,RIAL,Send,Acetylcholine,3
CEPDR,OLQDR,Send,Dopamine,5
CEPDR,RMHL,Send,Dopamine,4
CEPDR,SMBDR,Send,Dopamine,1
CEPDR,AVEL,Send,Dopamine,6
CEPDR,RMDVR,Send,Dopamine,2
CEPDR,IL01R,Send,Dopamine,1
CEPDR,RIBR,Send,Dopamine,1
CEPDR,RICR,Send,Dopamine,3
CEPDR,RIS,Send,Dopamine,1
CEPDR,SIADL,Send,Dopamine,1
CEPDR,BDUR,Send,Dopamine,1
CEPDR,RICL,Send,Dopamine,4
CEPDR,RMGR,Send,Dopamine,1
CEPDR,URADR,Send,Dopamine,1
CEPDR,RIH,GapJunction,Dopamine_GJ,1
CEPDR,RMDDL,Send,Dopamine,1
CEPDR,URBR,Send,Dopamine,2
CEPDR,OLLR,Send,Dopamine,8
CEPDR,RMHR,Send,Dopamine,1
CEPDR,URYDR,Send,Dopamine,1
CEPDR,IL01DR,Send,Dopamine,5
AVBR,DVA,GapJunction,Glutamate_GJ,1
AVBR,DB01,GapJunction,Glutamate_GJ,3
AVBR,DB03,GapJunction,Glutamate_GJ,1
AVBR,HSNR,Send,Glutamate,1
AVBR,DB05,GapJunction,Glutamate_GJ,1
AVBR,DB04,GapJunction,Glutamate_GJ,1
AVBR,DB07,GapJunction,Glutamate_GJ,1
AVBR,DB06,GapJunction,Glutamate_GJ,1
AVBR,DB02,GapJunction,Glutamate_GJ,1
AVBR,VB01,GapJunction,Glutamate_GJ,1
AVBR,VB01,GapJunction,Glutamate_GJ,1
AVBR,DD01,GapJunction,Glutamate_GJ,1
AVBR,RIBR,GapJunction,Glutamate_GJ,1
AVBR,AVAR,Send,Glutamate,7
AVBR,VA08,GapJunction,Glutamate_GJ,1
AVBR,AVAL,Send,Glutamate,6
AVBR,VA09,GapJunction,Glutamate_GJ,1
AVBR,RIBL,GapJunction,Glutamate_GJ,1
AVBR,AS01,Send,Glutamate,1
AVBR,RID,GapJunction,Glutamate_GJ,2
AVBR,VA04,Send,Glutamate,1
AVBR,AS03,Send,Glutamate,1
AVBR,AS01,Send,Glutamate,1
AVBR,AS07,GapJunction,Glutamate_GJ,2
AVBR,AS06,Send,Glutamate,1
AVBR,AS05,Send,Glutamate,1
AVBR,AS04,Send,Glutamate,1
AVBR,DA05,Send,Glutamate,1
AVBR,VD01,GapJunction,Glutamate_GJ,1
AVBR,VD03,Send,Glutamate,1
AVBR,SIBVL,GapJunction,Glutamate_GJ,1
AVBR,VB03,GapJunction,Glutamate_GJ,1
AVBR,VB02,GapJunction,Glutamate_GJ,1
AVBR,VB07,GapJunction,Glutamate_GJ,2
AVBR,VB06,GapJunction,Glutamate_GJ,2
AVBR,VB04,GapJunction,Glutamate_GJ,1
AVBR,VB09,GapJunction,Glutamate_GJ,6
AVBR,VB08,GapJunction,Glutamate_GJ,3
AVBR,PVNL,GapJunction,Glutamate_GJ,2
AVBR,AVBL,GapJunction,Glutamate_GJ,3
VD01,PVCL,Send,GABA,1
VD01,AVAR,Send,GABA,2
VD01,PVCR,Send,GABA,1
VD01,PVPL,GapJunction,GABA_GJ,2
VD01,VA01,Send,GABA,1
ASJL,ASJR,GapJunction,Glutamate_GJ,1
ASJL,ASKL,Send,Glutamate,4
ASJL,HSNR,Send,Glutamate,1
ASJL,HSNL,Send,Glutamate,1
ASJL,PVQL,Send,Glutamate,14
ALML,CEPDL,Send,Glutamate,3
ALML,PVR,GapJunction,Glutamate_GJ,1
ALML,PVCR,Send,Glutamate,1
ALML,AVEL,Send,Glutamate,1
ALML,BDUL,Send,Glutamate,6
ALML,RMGL,Send,Glutamate,1
ALML,AVDR,Send,Glutamate,1
ALML,RMDDR,Send,Glutamate,1
ALML,AVM,GapJunction,Glutamate_GJ,1
ALML,CEPVL,Send,Glutamate,2
ALML,SDQL,Send,Glutamate,1
ALML,PVCL,Send,Glutamate,2
PVQR,VD01,Send,Glutamate,1
PVQR,AWAR,Send,Glutamate,2
PVQR,AVFL,GapJunction,Glutamate_GJ,1
PVQR,PVT,Send,Glutamate,1
PVQR,ASKR,Send,Glutamate,4
PVQR,ASER,Send,Glutamate,1
PVQR,ADAR,GapJunction,Glutamate_GJ,1
PVQR,AIAR,Send,Glutamate,7
PVQR,PVQL,GapJunction,Glutamate_GJ,2
PVQR,RIFR,Send,Glutamate,1
PVQR,DVC,Send,Glutamate,1
PVQR,AVL,Send,Glutamate,1
PVQR,DD01,Send,Glutamate,1
PVQR,HSNR,Send,Glutamate,1
PVQR,PVNL,GapJunction,Glutamate_GJ,1
PVQR,AVFR,Send,Glutamate,1
PVQR,AVBL,Send,Glutamate,1
AWBR,AVBR,Send,Glutamate,2
AWBR,RIAR,Send,Glutamate,1
AWBR,RIR,Send,Glutamate,2
AWBR,RICL,GapJunction,Glutamate_GJ,1
AWBR,ADFR,Send,Glutamate,4
AWBR,AWBL,GapJunction,Glutamate_GJ,1
AWBR,ASGR,Send,Glutamate,1
AWBR,RMGR,GapJunction,Glutamate_GJ,1
AWBR,SMBVR,Send,Glutamate,1
AWBR,AIZR,Send,Glutamate,4
AWBR,ASHR,Send,Glutamate,2
AWBR,AUAR,GapJunction,Glutamate_GJ,1
IL02L,AVEL,Send,Acetylcholine,1
IL02L,OLQVL,Send,Acetylcholine,8
IL02L,RMER,Send,Acetylcholine,2
IL02L,RMEV,Send,Acetylcholine,2
IL02L,RICL,Send,Acetylcholine,1
IL02L,IL01L,Send,Acetylcholine,1
IL02L,URXL,Send,Acetylcholine,2
IL02L,RIH,Send,Acetylcholine,7
IL02L,RMDL,Send,Acetylcholine,3
IL02L,ADEL,Send,Acetylcholine,2
IL02L,RMDR,Send,Acetylcholine,1
IL02L,RMGL,GapJunction,Acetylcholine_GJ,1
IL02L,OLQDL,Send,Acetylcholine,5
RMHR,RMER,Send,Glutamate,1
RMHR,RMGR,GapJunction,Glutamate_GJ,1
RMHR,RMGL,Send,Glutamate,1
AWBL,AUAL,GapJunction,Glutamate_GJ,1
AWBL,AIBR,Send,Glutamate,1
AWBL,AIZL,Send,Glutamate,9
AWBL,RMGL,GapJunction,Glutamate_GJ,1
AWBL,AWBR,GapJunction,Glutamate_GJ,1
AWBL,ADFL,Send,Glutamate,9
AWBL,SMBDL,Send,Glutamate,1
AWBL,RIAL,Send,Glutamate,3
AWBL,AVBL,Send,Glutamate,1
IL02R,OLQDR,Send,Acetylcholine,2
IL02R,URBR,Send,Acetylcholine,1
IL02R,ADER,Send,Acetylcholine,1
IL02R,IL01VR,GapJunction,Acetylcholine_GJ,1
IL02R,IL01R,Send,Acetylcholine,1
IL02R,RMDL,Send,Acetylcholine,1
IL02R,RMEV,Send,Acetylcholine,1
IL02R,RMEL,Send,Acetylcholine,2
IL02R,RIH,Send,Acetylcholine,6
IL02R,OLQVR,Send,Acetylcholine,7
IL02R,URXR,GapJunction,Acetylcholine_GJ,1
IL02R,RMGR,GapJunction,Acetylcholine_GJ,1
IL02R,OLLR,Send,Acetylcholine,1
ALMR,PVCR,Send,Glutamate,3
ALMR,CEPVR,Send,Glutamate,1
ALMR,SIADL,Send,Glutamate,1
ALMR,BDUR,Send,Glutamate,5
ALMR,AVM,GapJunction,Glutamate_GJ,1
ALMR,RMDDL,Send,Glutamate,1
ALMR,CEPDR,Send,Glutamate,1
ASJR,HSNR,Send,Glutamate,1
ASJR,PVQR,Send,Glutamate,13
ASJR,ASJL,GapJunction,Glutamate_GJ,1
ASJR,ASKR,Send,Glutamate,4
DB04,AVBR,GapJunction,Acetylcholine_GJ,1
DB04,VD06,Send,Acetylcholine,13
DB04,DD03,Send,Acetylcholine,3
DB04,VB02,GapJunction,Acetylcholine_GJ,1
DB04,VB04,GapJunction,Acetylcholine_GJ,1
DB04,DB01,GapJunction,Acetylcholine_GJ,1
DB04,DB03,GapJunction,Acetylcholine_GJ,1
DB04,AVBL,GapJunction,Acetylcholine_GJ,1
PVDL,PVCR,Send,Glutamate,6
PVDL,AVAR,Send,Glutamate,6
PVDL,DD05,Send,Glutamate,1
PVDL,AVAL,Send,Glutamate,6
PVDL,PVCL,Send,Glutamate,1
PVDL,VD01,Send,Glutamate,1
AVBL,DVA,GapJunction,Glutamate_GJ,1
AVBL,DB03,GapJunction,Glutamate_GJ,1
AVBL,DB05,GapJunction,Glutamate_GJ,1
AVBL,DB04,GapJunction,Glutamate_GJ,1
AVBL,DB07,GapJunction,Glutamate_GJ,2
AVBL,DB06,GapJunction,Glutamate_GJ,2
AVBL,AVEL,Send,Glutamate,1
AVBL,AQR,GapJunction,Glutamate_GJ,1
AVBL,VA01,Send,Glutamate,1
AVBL,RIBR,GapJunction,Glutamate_GJ,1
AVBL,AVAR,Send,Glutamate,7
AVBL,AVAL,Send,Glutamate,7
AVBL,VC03,Send,Glutamate,1
AVBL,RIBL,GapJunction,Glutamate_GJ,1
AVBL,AS01,Send,Glutamate,1
AVBL,AVER,Send,Glutamate,2
AVBL,RID,GapJunction,Glutamate_GJ,1
AVBL,VA07,Send,Glutamate,1
AVBL,AS03,Send,Glutamate,1
AVBL,AS07,GapJunction,Glutamate_GJ,2
AVBL,AS06,Send,Glutamate,1
AVBL,AS05,Send,Glutamate,1
AVBL,AS04,Send,Glutamate,1
AVBL,AS09,Send,Glutamate,1
AVBL,VA02,Send,Glutamate,1
AVBL,AVBR,GapJunction,Glutamate_GJ,3
AVBL,PVNR,Send,Glutamate,1
AVBL,SDQR,GapJunction,Glutamate_GJ,1
AVBL,VB01,GapJunction,Glutamate_GJ,2
AVBL,AVDR,Send,Glutamate,2
AVBL,SIBVL,GapJunction,Glutamate_GJ,1
AVBL,VB01,GapJunction,Glutamate_GJ,2
AVBL,AVL,Send,Glutamate,1
AVBL,VB02,GapJunction,Glutamate_GJ,3
AVBL,VB01,GapJunction,Glutamate_GJ,1
AVBL,VB07,GapJunction,Glutamate_GJ,2
AVBL,VB06,GapJunction,Glutamate_GJ,1
AVBL,VB05,GapJunction,Glutamate_GJ,1
AVBL,VB04,GapJunction,Glutamate_GJ,1
AVBL,AVDL,Send,Glutamate,1
AVBL,VB09,GapJunction,Glutamate_GJ,1
AVBL,VB08,GapJunction,Glutamate_GJ,7
VD01,VB01,Send,GABA,1
VD01,VA01,Send,GABA,3
VD01,VA01,Send,GABA,2
VD01,VB01,Send,GABA,1
ASER,AWAR,Send,FMRFamide,1
ASER,AIBR,Send,FMRFamide,10
ASER,AIYR,Send,FMRFamide,14
ASER,AFDL,Send,FMRFamide,1
ASER,AIAR,Send,FMRFamide,3
ASER,AWCR,Send,FMRFamide,1
ASER,AIAL,Send,FMRFamide,1
ASER,AFDR,Send,FMRFamide,2
ASER,AIBL,Send,FMRFamide,2
ASER,AIYL,Send,FMRFamide,2
ASER,AWCL,Send,FMRFamide,1
SAAVL,ALNL,Send,Acetylcholine,1
SAAVL,RIMR,Send,Acetylcholine,12
SAAVL,RMDVL,GapJunction,Acetylcholine_GJ,1
SAAVL,AVAL,Send,Acetylcholine,17
SAAVL,RMFR,Send,Acetylcholine,2
SAAVL,SMDDR,Send,Acetylcholine,8
SAAVL,SMBVR,GapJunction,Acetylcholine_GJ,3
SAAVL,RIML,Send,Acetylcholine,2
SAAVL,OLLR,Send,Acetylcholine,1
SAAVL,AIBL,Send,Acetylcholine,1
RMGL,AIBR,Send,FRMFemide,1
RMGL,ADLL,GapJunction,FRMFemide_GJ,1
RMGL,RMDR,Send,FRMFemide,3
RMGL,SMBVL,Send,FRMFemide,1
RMGL,RMDVL,Send,FRMFemide,3
RMGL,URXL,GapJunction,FRMFemide_GJ,1
RMGL,RMDL,Send,FRMFemide,1
RMGL,ALNL,Send,FRMFemide,1
RMGL,RMHL,GapJunction,FRMFemide_GJ,3
RMGL,AVEL,Send,FRMFemide,2
RMGL,AVAL,Send,FRMFemide,1
RMGL,ADAL,Send,FRMFemide,1
RMGL,ASKL,GapJunction,FRMFemide_GJ,1
RMGL,RID,Send,FRMFemide,1
RMGL,RMHR,Send,FRMFemide,1
RMGL,CEPDL,Send,FRMFemide,1
RMGL,ASHL,Send,FRMFemide,1
RMGL,AVBR,Send,FRMFemide,2
RMGL,SIAVL,Send,FRMFemide,1
RMGL,ALML,Send,FRMFemide,1
RMGL,SIBVL,Send,FRMFemide,2
RMGL,IL02L,GapJunction,FRMFemide_GJ,1
RMGL,AWBL,GapJunction,FRMFemide_GJ,1
RMGL,SIBVR,Send,FRMFemide,1
SMDDL,RIAR,Send,Acetylcholine,1
SMDDL,RIBR,GapJunction,Acetylcholine_GJ,1
SMDDL,RIS,GapJunction,Acetylcholine_GJ,1
SMDDL,SMDVR,Send,Acetylcholine,2
SMDDL,RIBL,GapJunction,Acetylcholine_GJ,1
SMDDL,RMDDL,GapJunction,Acetylcholine_GJ,1
SMDDL,RIAL,Send,Acetylcholine,1
M05,M05,GapJunction,Acetylcholine_GJ,4
M05,I05,Send,Acetylcholine,3
M05,M02R,GapJunction,Acetylcholine_GJ,2
M05,I06,GapJunction,Acetylcholine_GJ,1
M05,M02L,GapJunction,Acetylcholine_GJ,2
M05,M01,Send,Acetylcholine,1
M04,M05,GapJunction,Acetylcholine_GJ,1
M04,NSMR,Send,Acetylcholine,1
M04,I03,Send,Acetylcholine,1
M04,I05,Send,Acetylcholine,13
M04,M02R,GapJunction,Acetylcholine_GJ,1
M04,I06,Send,Acetylcholine,2
M04,M02L,GapJunction,Acetylcholine_GJ,1
M04,M04,GapJunction,Acetylcholine_GJ,6
M04,NSML,Send,Acetylcholine,1
RID,AS02,Send,GABA,1
RID,VD05,Send,GABA,1
RID,PDB,GapJunction,GABA_GJ,2
RID,AVBR,GapJunction,GABA_GJ,2
RID,DD03,Send,GABA,3
RID,DD02,Send,GABA,4
RID,DD01,Send,GABA,4
RID,ALA,GapJunction,GABA,1
RID,DA06,Send,GABA,3
RID,DB01,GapJunction,GABA_GJ,1
RID,DA09,GapJunction,GABA_GJ,1
RID,VD01,Send,GABA,1
RID,AVBL,GapJunction,GABA_GJ,1
M01,I02R,GapJunction,Acetylcholine_GJ,2
M01,I02L,GapJunction,Acetylcholine_GJ,2
M01,I03,GapJunction,Acetylcholine_GJ,1
M01,I04,GapJunction,Acetylcholine_GJ,1
URXL,ASHL,Send,Glutamate,1
URXL,AUAL,Send,Glutamate,5
URXL,RIGL,Send,Glutamate,3
URXL,AVEL,Send,Glutamate,4
URXL,AVJR,Send,Glutamate,1
URXL,RMGL,Send,Glutamate,2
URXL,RICL,Send,Glutamate,1
URXL,RIAL,Send,Glutamate,8
URXL,AVBL,Send,Glutamate,1
ASEL,AIBR,Send,FMRFamide,2
ASEL,AIYR,Send,FMRFamide,6
ASEL,AWCR,Send,FMRFamide,1
ASEL,RIAR,Send,FMRFamide,1
ASEL,ADFR,Send,FMRFamide,1
ASEL,AIAL,Send,FMRFamide,3
ASEL,AIBL,Send,FMRFamide,7
ASEL,AIYL,Send,FMRFamide,13
ASEL,AWCL,Send,FMRFamide,4
ALA,AVEL,Send,Glutamate,2
ALA,RMDR,Send,Glutamate,1
ALA,AVER,Send,Glutamate,1
ALA,AVAL,Send,Glutamate,1
ALA,ADEL,Send,Glutamate,1
ALA,RID,GapJunction,Glutamate_GJ,1
SMBDL,AVKR,GapJunction,Acetylcholine_GJ,1
SMBDL,AVAR,Send,Acetylcholine,1
SMBDL,SAAVR,Send,Acetylcholine,1
SMBDL,AVKL,GapJunction,Acetylcholine_GJ,1
SMBDL,RIBL,GapJunction,Acetylcholine_GJ,1
SMBDL,SAADL,GapJunction,Acetylcholine_GJ,1
SMBDL,RMED,Send,Acetylcholine,3
VA01,PVNR,Send,Acetylcholine,2
VA01,VB01,Send,Acetylcholine,1
VA01,AVAR,GapJunction,Acetylcholine_GJ,7
VA01,DD06,Send,Acetylcholine,10
VA01,AVAL,GapJunction,Acetylcholine_GJ,1
VA01,VD01,Send,Acetylcholine,4
VA01,VD01,Send,Acetylcholine,11
VA01,PVCR,Send,Acetylcholine,3
VA01,VB01,GapJunction,Acetylcholine_GJ,1
VA01,PHCL,GapJunction,Acetylcholine_GJ,1
VA01,AVAR,GapJunction,Acetylcholine_GJ,1
VA01,DD06,Send,Acetylcholine,2
VA01,VA01,Send,Acetylcholine,1
VA01,LUAL,Send,Acetylcholine,2
VA01,AS01,Send,Acetylcholine,2
VA01,PHCR,GapJunction,Acetylcholine_GJ,1
VA01,PVCL,Send,Acetylcholine,2
VA01,DA08,Send,Acetylcholine,3
VA01,DA09,Send,Acetylcholine,5
VA01,DB07,Send,Acetylcholine,4
VA01,VD01,Send,Acetylcholine,3
ALNL,SMDVL,Send,Acetylcholine,1
ALNL,SMBDR,Send,Acetylcholine,2
ALNL,SAAVL,Send,Acetylcholine,3
HSNR,AIBR,Send,Serotonin_Acetylcholine,1
HSNR,HSNL,Send,Serotonin_Acetylcholine,1
HSNR,AIBL,Send,Serotonin_Acetylcholine,1
HSNR,RIFR,Send,Serotonin_Acetylcholine,4
HSNR,SABVR,Send,Serotonin_Acetylcholine,1
HSNR,VC02,Send,Serotonin_Acetylcholine,3
HSNR,VC03,Send,Serotonin_Acetylcholine,1
HSNR,VA06,Send,Serotonin_Acetylcholine,1
HSNR,SABD,Send,Serotonin_Acetylcholine,1
HSNR,AIZL,Send,Serotonin_Acetylcholine,1
HSNR,AS05,Send,Serotonin_Acetylcholine,1
HSNR,DA05,Send,Serotonin_Acetylcholine,1
HSNR,DA06,Send,Serotonin_Acetylcholine,1
HSNR,AVJL,Send,Serotonin_Acetylcholine,1
HSNR,AIZR,Send,Serotonin_Acetylcholine,1
HSNR,ASHL,Send,Serotonin_Acetylcholine,2
HSNR,PVNR,GapJunction,Serotonin_Acetylcholine_GJ,1
HSNR,AVFL,Send,Serotonin_Acetylcholine,1
HSNR,VD04,Send,Serotonin_Acetylcholine,2
HSNR,AVDR,Send,Serotonin_Acetylcholine,1
HSNR,BDUR,Send,Serotonin_Acetylcholine,1
HSNR,AVL,Send,Serotonin_Acetylcholine,1
HSNR,AWBL,Send,Serotonin_Acetylcholine,1
HSNR,RMGR,Send,Serotonin_Acetylcholine,1
HSNR,PVQR,Send,Serotonin_Acetylcholine,1
RMDDR,SAADR,GapJunction,Acetylcholine_GJ,1
RMDDR,OLQVR,GapJunction,Acetylcholine_GJ,1
RMDDR,RMDVR,GapJunction,Acetylcholine_GJ,1
RMDDR,RMDVL,Send,Acetylcholine,12
RMDDR,URYDL,Send,Acetylcholine,1
RMDDR,SMDDR,GapJunction,Acetylcholine_GJ,1
PLNL,SAADL,Send,Acetylcholine,5
PLNL,SMBVL,Send,Acetylcholine,6
VB01,AVBR,GapJunction,Acetylcholine_GJ,1
VB01,VD01,Send,Acetylcholine,2
VB01,PVT,Send,Acetylcholine,1
VB01,DD06,Send,Acetylcholine,9
VB01,AVKL,GapJunction,Acetylcholine_GJ,1
VB01,PVCL,GapJunction,Acetylcholine,1
VB01,VD01,Send,Acetylcholine,1
VB01,AVBL,GapJunction,Acetylcholine_GJ,2
DD03,DD02,GapJunction,GABA_GJ,2
DD03,DD04,GapJunction,GABA_GJ,1
DD02,DD03,GapJunction,GABA_GJ,2
DD02,DD01,GapJunction,GABA_GJ,1
DD02,VD04,GapJunction,GABA_GJ,2
DD02,VD03,Send,GABA,1
DD02,DA03,Send,GABA,1
ADAR,AVBR,Send,Glutamate,5
ADAR,AIBR,Send,Glutamate,1
ADAR,RIMR,Send,Glutamate,5
ADAR,AVEL,Send,Glutamate,1
ADAR,RIVR,Send,Glutamate,1
ADAR,RICL,Send,Glutamate,1
ADAR,ADFR,GapJunction,Glutamate_GJ,1
ADAR,RIPR,Send,Glutamate,1
ADAR,AVAL,Send,Glutamate,1
ADAR,SMDVL,Send,Glutamate,2
ADAR,ADAL,GapJunction,Glutamate_GJ,1
ADAR,AVJL,Send,Glutamate,3
ADAR,AVDL,GapJunction,Glutamate_GJ,2
ADAR,PVQR,GapJunction,Glutamate_GJ,1
ADAR,AIBL,Send,Glutamate,1
ADAR,ASHR,GapJunction,Glutamate_GJ,1
ADAR,AVBL,Send,Glutamate,1
DD05,VD09,Send,GABA,1
DD05,VB08,Send,GABA,1
DD05,VD01,GapJunction,GABA_GJ,1
ADLR,AVBR,Send,FMRFamide,2
ADLR,AIBR,Send,FMRFamide,10
ADLR,ADLL,GapJunction,FMRFamide_GJ,1
ADLR,AWCR,Send,FMRFamide,3
ADLR,AVDR,Send,FMRFamide,2
ADLR,ASER,Send,FMRFamide,1
ADLR,AIAR,Send,FMRFamide,10
ADLR,AVAR,Send,FMRFamide,2
ADLR,PVCL,Send,FMRFamide,1
ADLR,RICR,Send,FMRFamide,1
ADLR,RICL,Send,FMRFamide,1
ADLR,AVJR,Send,FMRFamide,1
ADLR,AVDL,Send,FMRFamide,5
ADLR,OLLR,Send,FMRFamide,1
ADLR,ASHR,Send,FMRFamide,3
ADLR,AVBL,Send,FMRFamide,1
M02L,I03,Send,Acetylcholine,2
M02L,MI,Send,Acetylcholine,2
M02L,M02R,GapJunction,Acetylcholine_GJ,1
M02L,I01R,Send,Acetylcholine,3
M02L,M05,GapJunction,Acetylcholine_GJ,1
M02L,I01L,Send,Acetylcholine,3
SMDDR,VD01,GapJunction,Acetylcholine_GJ,1
SMDDR,RIAR,Send,Acetylcholine,1
SMDDR,RMDDR,GapJunction,Acetylcholine_GJ,1
SMDDR,RIBR,GapJunction,Acetylcholine_GJ,1
SMDDR,RIS,GapJunction,Acetylcholine_GJ,1
SMDDR,RIAL,Send,Acetylcholine,2
ADAL,ASHL,GapJunction,Glutamate_GJ,1
ADAL,AVBR,Send,Glutamate,7
ADAL,AIBR,Send,Glutamate,2
ADAL,AVEL,Send,Glutamate,1
ADAL,AVDR,GapJunction,Glutamate_GJ,2
ADAL,FLPR,Send,Glutamate,1
ADAL,AVJR,Send,Glutamate,5
ADAL,ADAR,GapJunction,Glutamate_GJ,1
ADAL,AVAR,Send,Glutamate,2
ADAL,SMDVR,Send,Glutamate,2
ADAL,RICR,Send,Glutamate,1
ADAL,PVQL,GapJunction,Glutamate_GJ,1
ADAL,ADFL,GapJunction,Glutamate_GJ,1
ADAL,RICL,Send,Glutamate,1
ADAL,RIML,Send,Glutamate,3
ADAL,AVDL,Send,Glutamate,1
ADAL,RIPL,Send,Glutamate,1
ADAL,AIBL,Send,Glutamate,1
ADAL,AVBL,Send,Glutamate,4
DD04,DD03,GapJunction,GABA_GJ,1
DD04,VD08,GapJunction,GABA_GJ,1
DD04,VC03,GapJunction,GABA_GJ,1
URXR,AVBR,Send,Glutamate,2
URXR,RIAR,Send,Glutamate,3
URXR,SIAVR,Send,Glutamate,1
URXR,RIPR,Send,Glutamate,3
URXR,RMDR,Send,Glutamate,1
URXR,RIGR,Send,Glutamate,2
URXR,IL02R,GapJunction,Glutamate_GJ,1
URXR,RMGR,Send,Glutamate,1
URXR,OLQVR,Send,Glutamate,1
URXR,AVER,Send,Glutamate,2
URXR,AUAR,Send,Glutamate,4
URXR,AVBL,Send,Glutamate,1
PLNR,SAADR,Send,Acetylcholine,4
PLNR,SMBVR,Send,Acetylcholine,6
PVDR,PVCR,Send,Glutamate,10
PVDR,AVAR,Send,Glutamate,9
PVDR,PVDL,Send,Glutamate,1
PVDR,DVA,Send,Glutamate,3
PVDR,AVAL,Send,Glutamate,6
PVDR,VA09,Send,Glutamate,1
PVDR,PVCL,Send,Glutamate,13
DB06,AVBR,GapJunction,Acetylcholine_GJ,1
DB06,AVAL,GapJunction,Acetylcholine_GJ,3
DB06,AVBL,GapJunction,Acetylcholine_GJ,2
PHAL,PVQL,Send,Glutamate,2
PHAL,AVFL,Send,Glutamate,3
PHAL,AVDR,Send,Glutamate,1
PHAL,PHBR,Send,Glutamate,5
PHAL,DVA,Send,Glutamate,2
PHAL,AVHL,Send,Glutamate,1
PHAL,PHAR,Send,Glutamate,5
PHAL,AVHR,Send,Glutamate,1
PHAL,PHBL,Send,Glutamate,5
PHAL,AVG,Send,Glutamate,5
SABD,VA02,GapJunction,Acetylcholine_GJ,3
SABD,VA03,GapJunction,Acetylcholine_GJ,2
SABD,AVAL,GapJunction,Acetylcholine_GJ,4
SABD,VA04,GapJunction,Acetylcholine_GJ,1
ALNR,ADER,Send,Acetylcholine,1
ALNR,SAAVR,Send,Acetylcholine,2
ALNR,SMBDL,Send,Acetylcholine,2
ALNR,SMDVL,Send,Acetylcholine,1
ALNR,SMDDR,Send,Acetylcholine,1
ALNR,RMHR,Send,Acetylcholine,1
VD01,VD09,GapJunction,GABA_GJ,5
VD01,AVBR,GapJunction,GABA_GJ,1
VD01,VB09,Send,GABA,2
VD01,DVC,GapJunction,GABA_GJ,4
VD01,DD05,Send,GABA,1
AUAL,AINR,GapJunction,Glutamate_GJ,1
AUAL,AVEL,Send,Glutamate,3
AUAL,AVDR,Send,Glutamate,1
AUAL,AVAL,Send,Glutamate,3
AUAL,AWBL,GapJunction,Glutamate_GJ,1
AUAL,RIBL,Send,Glutamate,9
AUAL,RIAL,Send,Glutamate,5
AUAL,AUAR,GapJunction,Glutamate_GJ,1
SABVR,AVAL,GapJunction,Acetylcholine_GJ,1
SABVR,AVAR,GapJunction,Acetylcholine_GJ,1
SABVR,DA01,GapJunction,Acetylcholine_GJ,3
RIMR,SMDDL,Send,Acetylcholine_Tyramine,2
RIMR,AVBR,Send,Acetylcholine_Tyramine,5
RIMR,AIYR,GapJunction,Acetylcholine_Tyramine_GJ,1
RIMR,SMDDR,Send,Acetylcholine_Tyramine,4
RIMR,AVEL,GapJunction,Acetylcholine_Tyramine_GJ,3
RIMR,RMDR,Send,Acetylcholine_Tyramine,1
RIMR,ADAR,Send,Acetylcholine_Tyramine,1
RIMR,RIBR,Send,Acetylcholine_Tyramine,1
RIMR,AVAR,GapJunction,Acetylcholine_Tyramine_GJ,1
RIMR,RIS,GapJunction,Acetylcholine_Tyramine_GJ,1
RIMR,SAAVL,Send,Acetylcholine_Tyramine,3
RIMR,RMFL,Send,Acetylcholine_Tyramine,1
RIMR,SAAVR,Send,Acetylcholine_Tyramine,3
RIMR,AVAL,GapJunction,Acetylcholine_Tyramine_GJ,3
RIMR,RMFR,Send,Acetylcholine_Tyramine,1
RIMR,AVKL,Send,Acetylcholine_Tyramine,1
RIMR,AVJL,Send,Acetylcholine_Tyramine,1
RIMR,AVER,GapJunction,Acetylcholine_Tyramine_GJ,2
RIMR,AIBL,Send,Acetylcholine_Tyramine,4
RIMR,RMDL,Send,Acetylcholine_Tyramine,3
RIMR,AVBL,Send,Acetylcholine_Tyramine,2
RMER,RMEV,GapJunction,GABA_GJ,1
AIAR,AWAR,GapJunction,Acetylcholine_GJ,1
AIAR,AIBR,Send,Acetylcholine,14
AIAR,RIFR,Send,Acetylcholine,2
AIAR,ASER,Send,Acetylcholine,1
AIAR,ADAR,Send,Acetylcholine,1
AIAR,AWCR,Send,Acetylcholine,3
AIAR,ADFR,GapJunction,Acetylcholine_GJ,1
AIAR,ASGR,Send,Acetylcholine,1
AIAR,AIAL,GapJunction,Acetylcholine_GJ,1
AIAR,ASIR,GapJunction,Acetylcholine_GJ,2
AIAR,AIZR,Send,Acetylcholine,1
AIAR,ADLR,Send,Acetylcholine,2
AIAR,AWCL,Send,Acetylcholine,1
RMEV,IL01DL,GapJunction,GABA_GJ,1
RMEV,AVEL,GapJunction,GABA_GJ,1
RMEV,RMER,GapJunction,GABA_GJ,1
RMEV,SMDDR,Send,GABA,1
RMEV,RMEL,GapJunction,GABA_GJ,1
RMEV,AVER,GapJunction,GABA_GJ,1
RMEV,RMED,GapJunction,GABA_GJ,2
RMEV,IL01DR,GapJunction,GABA_GJ,1
RMEL,RMEV,GapJunction,GABA_GJ,1
RMEL,RIGL,GapJunction,GABA_GJ,1
AIAL,ASHL,Send,Acetylcholine,1
AIAL,AWCR,Send,Acetylcholine,1
AIAL,ASIL,GapJunction,Acetylcholine_GJ,2
AIAL,AIZL,Send,Acetylcholine,1
AIAL,HSNL,Send,Acetylcholine,1
AIAL,ASER,Send,Acetylcholine,3
AIAL,RMGL,Send,Acetylcholine,1
AIAL,AIAR,GapJunction,Acetylcholine_GJ,1
AIAL,ASGL,Send,Acetylcholine,1
AIAL,AIML,Send,Acetylcholine,2
AIAL,ADAL,Send,Acetylcholine,1
AIAL,RIFL,Send,Acetylcholine,1
AIAL,ASKL,Send,Acetylcholine,3
AIAL,AIBL,Send,Acetylcholine,10
AIAL,AWAL,GapJunction,Acetylcholine_GJ,1
RIML,AVBR,Send,Acetylcholine_Tyramine,3
RIML,AIBR,GapJunction,Acetylcholine_Tyramine_GJ,1
RIML,SMDVL,Send,Acetylcholine_Tyramine,1
RIML,AVEL,GapJunction,Acetylcholine_Tyramine_GJ,2
RIML,RMDR,Send,Acetylcholine_Tyramine,1
RIML,SAADR,Send,Acetylcholine_Tyramine,1
RIML,AVAR,GapJunction,Acetylcholine_Tyramine_GJ,2
RIML,RIS,GapJunction,Acetylcholine_Tyramine_GJ,1
RIML,SAAVL,Send,Acetylcholine_Tyramine,3
RIML,SAAVR,Send,Acetylcholine_Tyramine,2
RIML,AVAL,Send,Acetylcholine_Tyramine,1
RIML,RMFR,Send,Acetylcholine_Tyramine,1
RIML,SMDDR,Send,Acetylcholine_Tyramine,5
RIML,RIBL,Send,Acetylcholine_Tyramine,1
RIML,RMDL,Send,Acetylcholine_Tyramine,1
RIML,AVER,GapJunction,Acetylcholine_Tyramine_GJ,3
RIML,AIYL,GapJunction,Acetylcholine_Tyramine_GJ,1
RIML,AVBL,Send,Acetylcholine_Tyramine,2
RMED,RIBR,Send,GABA,1
RMED,RMEV,GapJunction,GABA_GJ,2
RMED,RIPL,GapJunction,GABA_GJ,1
RMED,RIPR,GapJunction,GABA_GJ,1
RMED,RIBL,Send,GABA,1
RMED,IL01VL,GapJunction,GABA_GJ,1
VB09,AVBR,GapJunction,Acetylcholine_GJ,6
VB09,VB08,GapJunction,Acetylcholine_GJ,3
VB09,AVAR,GapJunction,Acetylcholine_GJ,4
VB09,VA08,GapJunction,Acetylcholine_GJ,3
VB09,DD05,Send,Acetylcholine,8
VB09,DVB,GapJunction,Acetylcholine_GJ,1
VB09,AVAL,GapJunction,Acetylcholine_GJ,5
VB09,VA09,GapJunction,Acetylcholine_GJ,4
VB09,PVCL,GapJunction,Acetylcholine_GJ,2
VB09,VD01,Send,Acetylcholine,5
VB09,AVBL,GapJunction,Acetylcholine_GJ,1
AUAR,AUAL,GapJunction,Glutamate_GJ,1
AUAR,RIAR,Send,Glutamate,6
AUAR,AIYR,Send,Glutamate,1
AUAR,AWBR,GapJunction,Glutamate_GJ,1
AUAR,RIBR,Send,Glutamate,13
AUAR,AVAR,Send,Glutamate,1
AUAR,AVER,Send,Glutamate,4
AUAR,URXR,Send,Glutamate,1
AUAR,AINL,GapJunction,Glutamate_GJ,1
VD01,VD02,GapJunction,GABA_GJ,7
VD01,RIGL,GapJunction,GABA_GJ,2
VD01,DD01,GapJunction,GABA_GJ,4
VD01,DVC,GapJunction,GABA_GJ,5
VD01,VC01,GapJunction,GABA_GJ,1
VD01,SMDDR,GapJunction,GABA_GJ,1
VD01,VA02,GapJunction,GABA_GJ,1
VD01,RIFL,GapJunction,GABA_GJ,1
VD01,VA01,Send,GABA,2
VC01,VD01,GapJunction,Serotonin_Acetylcholine_GJ,1
VC01,VD03,Send,Serotonin_Acetylcholine,1
VC01,VD02,Send,Serotonin_Acetylcholine,1
VC01,VD05,Send,Serotonin_Acetylcholine,5
VC01,PVT,Send,Serotonin_Acetylcholine,2
VC01,VD06,Send,Serotonin_Acetylcholine,1
VC01,DD03,Send,Serotonin_Acetylcholine,6
VC01,DD02,Send,Serotonin_Acetylcholine,6
VC01,DD01,Send,Serotonin_Acetylcholine,7
VC01,DVC,Send,Serotonin_Acetylcholine,1
VC01,AVL,Send,Serotonin_Acetylcholine,2
VC01,VC02,GapJunction,Serotonin_Acetylcholine_GJ,6
VC01,VC03,GapJunction,Serotonin_Acetylcholine_GJ,2
VC01,VD04,Send,Serotonin_Acetylcholine,2
PVNR,VD06,Send,Glutamate,1
PVNR,PVCL,Send,Glutamate,1
PVNR,HSNR,Send,Glutamate,1
PVNR,PVT,Send,Glutamate,2
PVNR,AVEL,Send,Glutamate,3
PVNR,DD03,Send,Glutamate,1
PVNR,AVAL,Send,Glutamate,2
PVNR,VC02,Send,Glutamate,1
PVNR,VC03,Send,Glutamate,1
PVNR,AVJR,Send,Glutamate,1
PVNR,AVJL,Send,Glutamate,4
PVNR,VD01,Send,Glutamate,1
PVNR,AVBR,Send,Glutamate,2
PVNR,VD07,Send,Glutamate,1
PVNR,AVDR,Send,Glutamate,1
PVNR,PVWL,Send,Glutamate,2
PVNR,BDUR,Send,Glutamate,2
PVNR,AVL,Send,Glutamate,2
PVNR,BDUL,Send,Glutamate,1
PVNR,PQR,Send,Glutamate,2
PVNR,PVNL,Send,Glutamate,1
PVNR,AVBL,Send,Glutamate,1
PLML,PHCL,GapJunction,Glutamate_GJ,1
PLML,PVCL,GapJunction,Glutamate_GJ,1
PLML,HSNL,Send,Glutamate,1
PLML,LUAL,GapJunction,Glutamate_GJ,1
VD05,VD04,GapJunction,GABA_GJ,1
VD05,VD06,GapJunction,GABA_GJ,2
VD05,AVAR,Send,GABA,1
VD05,PVPR,GapJunction,GABA_GJ,1
VD05,VB04,Send,GABA,2
VD05,VA05,Send,GABA,2
RICL,ASHL,GapJunction,Octapamine_GJ,2
RICL,SMDDR,Send,Octapamine,3
RICL,RIMR,Send,Octapamine,3
RICL,AWBR,GapJunction,Octapamine_GJ,1
RICL,ADAR,Send,Octapamine,1
RICL,AVAR,Send,Octapamine,6
RICL,SMDDL,Send,Octapamine,3
RICL,SMDVR,Send,Octapamine,1
RICL,AVAL,Send,Octapamine,5
RICL,RMFR,Send,Octapamine,1
RICL,AVKL,GapJunction,Octapamine_GJ,1
RICL,RIVR,Send,Octapamine,1
RICL,RIML,Send,Octapamine,1
RICL,SMBDL,Send,Octapamine,2
RICL,AVKR,Send,Octapamine,1
AINR,BAGR,Send,Glutamate,3
AINR,AUAL,GapJunction,Glutamate_GJ,1
AINR,ASER,Send,Glutamate,1
AINR,AFDL,Send,Glutamate,4
AINR,AFDR,Send,Glutamate,1
AINR,ASGL,GapJunction,Glutamate_GJ,1
AINR,RIBL,Send,Glutamate,2
AINR,AIAL,Send,Glutamate,2
AINR,ASEL,Send,Glutamate,1
AINR,AINL,GapJunction,Glutamate_GJ,2
AINR,RID,Send,Glutamate,1
AINR,AIBL,Send,Glutamate,2
AINR,AUAR,Send,Glutamate,1
PVWL,PVWR,Send,Serotonin,1
PVWL,PVT,Send,Serotonin,2
PVWL,PVCR,GapJunction,Serotonin_GJ,2
PVWL,VA01,Send,Serotonin,1
PVWL,AVJL,Send,Serotonin,1
VD09,PDER,GapJunction,GABA_GJ,1
VD09,VD01,GapJunction,GABA_GJ,5
SIBVL,AVBR,GapJunction,Acetylcholine_GJ,1
SIBVL,SIBDL,GapJunction,Acetylcholine_GJ,1
SIBVL,SDQR,GapJunction,Acetylcholine_GJ,1
SIBVL,RIBL,GapJunction,Acetylcholine_GJ,1
SIBVL,AVBL,GapJunction,Acetylcholine_GJ,1
SAADR,RIMR,Send,Acetylcholine,5
SAADR,AIBR,Send,Acetylcholine,1
SAADR,OLLL,Send,Acetylcholine,1
SAADR,RMDDR,GapJunction,Acetylcholine_GJ,1
SAADR,RMGL,Send,Acetylcholine,1
SAADR,AVAR,Send,Acetylcholine,3
SAADR,RMFL,Send,Acetylcholine,1
SAADR,RIML,Send,Acetylcholine,4
RIFR,HSNR,Send,Glutamate,1
RIFR,AVBR,Send,Glutamate,17
RIFR,AVFL,Send,Glutamate,1
RIFR,PVCR,Send,Glutamate,1
RIFR,RIMR,Send,Glutamate,4
RIFR,AVJR,Send,Glutamate,2
RIFR,PVCL,Send,Glutamate,1
RIFR,AVHL,Send,Glutamate,1
RIFR,PVPR,Send,Glutamate,4
RIFR,RIPR,Send,Glutamate,1
RIFR,AVJL,Send,Glutamate,1
RIFR,AVG,GapJunction,Glutamate_GJ,1
RIFR,ASHR,Send,Glutamate,2
RIFR,AVBL,Send,Glutamate,1
AVHL,VD01,Send,Glutamate,1
AVHL,AVBR,Send,Glutamate,1
AVHL,AVFL,GapJunction,Glutamate_GJ,2
AVHL,SMBVR,Send,Glutamate,2
AVHL,RIMR,Send,Glutamate,1
AVHL,PVQL,Send,Glutamate,1
AVHL,PHBR,GapJunction,Glutamate_GJ,1
AVHL,RIR,Send,Glutamate,3
AVHL,AWBR,Send,Glutamate,1
AVHL,SMBDR,Send,Glutamate,1
AVHL,ADFR,Send,Glutamate,3
AVHL,PVPR,Send,Glutamate,2
AVHL,AVHR,GapJunction,Glutamate_GJ,1
AVHL,AVJL,Send,Glutamate,3
AVHL,AVDL,Send,Glutamate,1
AVHL,PVQR,Send,Glutamate,2
AVHL,AVFR,Send,Glutamate,3
AVHL,AVBL,Send,Glutamate,1
ADFR,RIAR,Send,Serotonin,16
ADFR,AIYR,Send,Serotonin,1
ADFR,RIR,Send,Serotonin,3
ADFR,ADAR,Send,Serotonin,1
ADFR,AIAR,GapJunction,Serotonin_GJ,1
ADFR,AWBR,Send,Serotonin,1
ADFR,SMBDR,Send,Serotonin,1
ADFR,PVPR,Send,Serotonin,1
ADFR,SMBVR,Send,Serotonin,2
ADFR,URXR,Send,Serotonin,1
ADFR,RIGR,Send,Serotonin,3
ADFR,AIZR,Send,Serotonin,8
ADFR,ASHR,Send,Serotonin,1
ADFR,AUAR,Send,Serotonin,4
AVL,SABVR,Send,GABA,3
AVL,AVEL,Send,GABA,1
AVL,PVWL,Send,GABA,1
AVL,DD01,Send,GABA,1
AVL,DD06,Send,GABA,2
AVL,DVC,GapJunction,GABA_GJ,9
AVL,DVB,GapJunction,GABA_GJ,1
AVL,PVPR,Send,GABA,1
AVL,SABVL,Send,GABA,4
AVL,DA02,Send,GABA,1
AVL,HSNR,Send,GABA,1
AVL,PVM,GapJunction,GABA_GJ,1
AVL,AVFR,Send,GABA,1
AVL,SABD,Send,GABA,5
AVL,VD01,Send,GABA,4
AVM,AVBR,Send,Glutamate,6
AVM,PVR,Send,Glutamate,3
AVM,PVCR,Send,Glutamate,5
AVM,ADER,Send,Glutamate,1
AVM,ALML,GapJunction,Glutamate_GJ,1
AVM,AVJR,Send,Glutamate,1
AVM,BDUR,Send,Glutamate,2
AVM,BDUL,Send,Glutamate,3
AVM,DA01,Send,Glutamate,1
AVM,ALMR,GapJunction,Glutamate_GJ,1
AVM,SIBVL,Send,Glutamate,1
AVM,VA01,Send,Glutamate,2
AVM,AVDL,GapJunction,Glutamate_GJ,2
AVM,RID,Send,Glutamate,1
AVM,PVCL,Send,Glutamate,4
AVM,PVNL,Send,Glutamate,1
AVM,AVBL,Send,Glutamate,6
AVHR,AVBR,Send,Glutamate,1
AVHR,ADLL,Send,Glutamate,1
AVHR,RIGL,Send,Glutamate,1
AVHR,AVDR,Send,Glutamate,1
AVHR,AVJR,Send,Glutamate,4
AVHR,AQR,Send,Glutamate,2
AVHR,RIR,Send,Glutamate,4
AVHR,AVHL,Send,Glutamate,1
AVHR,PVPL,Send,Glutamate,3
AVHR,AVFR,Send,Glutamate,1
AVHR,SMBVL,Send,Glutamate,1
AVHR,AVFL,GapJunction,Glutamate_GJ,3
AVHR,SMBDL,Send,Glutamate,1
AVHR,PVNL,Send,Glutamate,1
AVHR,ADLR,Send,Glutamate,2
AVHR,AVBL,Send,Glutamate,2
SAADL,RIMR,Send,Acetylcholine,6
SAADL,AVAL,Send,Acetylcholine,6
SAADL,SMBDL,GapJunction,Acetylcholine_GJ,1
SAADL,RMGR,Send,Acetylcholine,1
SAADL,RIML,Send,Acetylcholine,3
SAADL,AIBL,Send,Acetylcholine,1
SIBVR,SIBDR,GapJunction,Acetylcholine_GJ,1
SIBVR,RIBR,GapJunction,Acetylcholine_GJ,1
SIBVR,RMHL,GapJunction,Acetylcholine_GJ,1
SIBVR,RIBL,GapJunction,Acetylcholine_GJ,1
AINL,RIBR,Send,Glutamate,2
AINL,AINR,GapJunction,Glutamate_GJ,2
AINL,AFDR,Send,Glutamate,5
AINL,ASGR,GapJunction,Glutamate_GJ,1
AINL,RIBL,Send,Glutamate,1
AINL,ASEL,Send,Glutamate,3
AINL,ADEL,GapJunction,Glutamate_GJ,1
AINL,BAGL,Send,Glutamate,3
AINL,AUAR,GapJunction,Glutamate_GJ,1
PVWR,PVT,Send,Serotonin,1
PVWR,AVAR,Send,Serotonin,1
PVWR,PVCR,Send,Serotonin,1
PVWR,VA01,Send,Serotonin,1
PVWR,AVDR,Send,Serotonin,1
AVG,AVBR,Send,Glutamate,2
AVG,PVNR,Send,Glutamate,1
AVG,AVFL,Send,Glutamate,1
AVG,PVPR,Send,Glutamate,1
AVG,PVT,Send,Glutamate,1
AVG,AVEL,Send,Glutamate,1
AVG,AVDR,Send,Glutamate,1
AVG,PVQR,Send,Glutamate,1
AVG,AVAR,Send,Glutamate,3
AVG,RIFR,GapJunction,Glutamate_GJ,1
AVG,AVL,Send,Glutamate,1
AVG,PHAL,Send,Glutamate,2
AVG,AVJL,Send,Glutamate,1
AVG,AVER,Send,Glutamate,1
AVG,RIFL,GapJunction,Glutamate_GJ,1
AVG,PVCL,Send,Glutamate,1
AVG,DA08,Send,Glutamate,1
AVG,VA01,Send,Glutamate,1
AVG,AVBL,Send,Glutamate,1
PVNL,AVBR,GapJunction,Glutamate_GJ,2
PVNL,PVNR,Send,Glutamate,5
PVNL,PVCL,Send,Glutamate,1
PVNL,PVT,Send,Glutamate,1
PVNL,AVEL,Send,Glutamate,1
PVNL,AVDR,Send,Glutamate,3
PVNL,AVJR,Send,Glutamate,5
PVNL,DD01,Send,Glutamate,2
PVNL,PVWL,Send,Glutamate,1
PVNL,PQR,Send,Glutamate,1
PVNL,BDUR,Send,Glutamate,2
PVNL,AVL,Send,Glutamate,2
PVNL,BDUL,Send,Glutamate,1
PVNL,AVAL,Send,Glutamate,2
PVNL,AVJL,Send,Glutamate,5
PVNL,AVDL,Send,Glutamate,3
PVNL,AVG,Send,Glutamate,1
PVNL,RIFL,Send,Glutamate,1
PVNL,AVFR,Send,Glutamate,1
PVNL,PVQR,GapJunction,Glutamate_GJ,1
PLMR,LUAR,GapJunction,Glutamate_GJ,1
PLMR,PDEL,Send,Glutamate,2
PLMR,AS06,Send,Glutamate,1
PLMR,AVDR,Send,Glutamate,4
PLMR,DVA,Send,Glutamate,5
PLMR,AVAR,Send,Glutamate,1
PLMR,PVCL,Send,Glutamate,2
PLMR,AVAL,Send,Glutamate,4
PLMR,PVR,GapJunction,Glutamate_GJ,2
PLMR,AVDL,Send,Glutamate,1
PLMR,HSNR,Send,Glutamate,1
PLMR,PDER,Send,Glutamate,3
PLMR,PVCR,GapJunction,Glutamate_GJ,1
VC02,VD01,Send,Serotonin_Acetylcholine,2
VC02,VD02,Send,Serotonin_Acetylcholine,2
VC02,VD05,Send,Serotonin_Acetylcholine,5
VC02,PVCR,Send,Serotonin_Acetylcholine,1
VC02,VD06,Send,Serotonin_Acetylcholine,1
VC02,DD03,Send,Serotonin_Acetylcholine,9
VC02,DD02,Send,Serotonin_Acetylcholine,4
VC02,DD01,Send,Serotonin_Acetylcholine,6
VC02,DVC,Send,Serotonin_Acetylcholine,1
VC02,VC01,GapJunction,Serotonin_Acetylcholine_GJ,6
VC02,VC03,Send,Serotonin_Acetylcholine,4
VC02,PVT,Send,Serotonin_Acetylcholine,2
VC02,VD04,Send,Serotonin_Acetylcholine,5
VC02,DB04,Send,Serotonin_Acetylcholine,1
VC02,PVQR,Send,Serotonin_Acetylcholine,1
SIBDL,SIBVL,GapJunction,Acetylcholine_GJ,1
SIBDL,RIBL,GapJunction,Acetylcholine_GJ,1
IL01DL,PVR,Send,Glutamate,1
IL01DL,OLLL,GapJunction,Glutamate_GJ,1
IL01DL,RMDDR,Send,Glutamate,1
IL01DL,RMEV,GapJunction,Glutamate_GJ,1
IL01DL,RIPL,Send,Glutamate,2
IL01DL,RMDVL,Send,Glutamate,4
IL01DL,URYDL,Send,Glutamate,1
IL01DL,IL01L,GapJunction,Glutamate_GJ,1
IL01DL,RIH,Send,Glutamate,1
IL01DL,IL01DR,GapJunction,Glutamate_GJ,1
RIBR,SIBDR,GapJunction,Glutamate_GJ,1
RIBR,SMBDR,GapJunction,Glutamate_GJ,1
RIBR,SMDVL,GapJunction,Glutamate_GJ,2
RIBR,OLQVR,GapJunction,Glutamate_GJ,1
RIBR,AIBL,Send,Glutamate,1
RIBR,OLQDR,GapJunction,Glutamate_GJ,2
RIBR,PVT,GapJunction,Glutamate_GJ,1
RIBR,AVEL,Send,Glutamate,3
RIBR,RIBR,GapJunction,Glutamate_GJ,1
RIBR,AVAR,Send,Glutamate,2
RIBR,SIADR,GapJunction,Glutamate_GJ,1
RIBR,RIBL,GapJunction,Glutamate_GJ,3
RIBR,RIH,Send,Glutamate,1
RIBR,AVER,Send,Glutamate,1
RIBR,RIGR,GapJunction,Glutamate_GJ,1
RIBR,AIZR,Send,Glutamate,1
RIBR,AVBR,GapJunction,Glutamate_GJ,1
RIBR,RIAR,Send,Glutamate,2
RIBR,SMDDL,GapJunction,Glutamate_GJ,1
RIBR,SMDDR,GapJunction,Glutamate_GJ,1
RIBR,SIBVR,GapJunction,Glutamate_GJ,1
RIBR,SIAVR,GapJunction,Glutamate_GJ,1
RIBR,BAGL,Send,Glutamate,1
RIBR,AVBL,GapJunction,Glutamate_GJ,1
OLLL,CEPDL,Send,Glutamate,3
OLLL,URYDL,Send,Glutamate,1
OLLL,RIGL,GapJunction,Glutamate_GJ,1
OLLL,IL01DL,GapJunction,Glutamate_GJ,1
OLLL,CEPVL,Send,Glutamate,4
OLLL,SMDDL,Send,Glutamate,3
OLLL,SMDVR,Send,Glutamate,4
OLLL,RMDDL,Send,Glutamate,7
OLLL,RMDVL,Send,Glutamate,1
OLLL,SMDDR,Send,Glutamate,4
OLLL,RMEL,Send,Glutamate,2
OLLL,RIBL,Send,Glutamate,8
OLLL,IL01VL,Send,Glutamate,2
OLLL,AVER,Send,Glutamate,21
OLLL,OLLR,GapJunction,Glutamate_GJ,2
OLLL,RMDL,Send,Glutamate,2
RIR,BAGR,Send,Serotonin,1
RIR,AUAL,Send,Serotonin,1
RIR,RIAR,Send,Serotonin,1
RIR,AIZL,Send,Serotonin,3
RIR,HSNL,Send,Serotonin,1
RIR,RIGL,Send,Serotonin,1
RIR,DVA,Send,Serotonin,2
RIR,URXR,Send,Serotonin,1
RIR,AWBR,Send,Serotonin,1
RIR,PVPL,Send,Serotonin,1
RIR,URXL,Send,Serotonin,5
RIR,AFDR,Send,Serotonin,1
RIR,AIZR,Send,Serotonin,5
RIR,RIAL,Send,Serotonin,5
RIR,BAGL,GapJunction,Serotonin_GJ,1
IL01R,RMHL,Send,Glutamate,1
IL01R,AVEL,Send,Glutamate,1
IL01R,RMDDR,Send,Glutamate,2
IL01R,IL01VR,GapJunction,Glutamate_GJ,1
IL01R,URXR,Send,Glutamate,2
IL01R,RMDVR,Send,Glutamate,4
IL01R,RMDDL,Send,Glutamate,3
IL01R,RMDVL,Send,Glutamate,1
IL01R,RMEL,Send,Glutamate,2
IL01R,RMDL,Send,Glutamate,4
IL01R,AVER,Send,Glutamate,1
IL01R,RMDR,Send,Glutamate,2
IL01R,IL01DR,Send,Glutamate,1
IL01VL,IL01VR,GapJunction,Glutamate_GJ,1
IL01VL,URYVL,Send,Glutamate,1
IL01VL,RIPL,Send,Glutamate,4
IL01VL,IL01L,Send,Glutamate,1
IL01VL,RMDDL,Send,Glutamate,5
IL01VL,RMED,GapJunction,Glutamate_GJ,1
DVA,PDEL,Send,GABA,3
DVA,PVCR,Send,GABA,1
DVA,RIR,Send,GABA,3
DVA,SMBDR,Send,GABA,2
DVA,SMBDL,Send,GABA,3
DVA,DB01,GapJunction,GABA_GJ,1
DVA,DB03,Send,GABA,2
DVA,DB02,Send,GABA,1
DVA,DB05,Send,GABA,1
DVA,DB04,Send,GABA,1
DVA,DB07,Send,GABA,1
DVA,DB06,Send,GABA,2
DVA,PVCL,Send,GABA,3
DVA,AVEL,Send,GABA,9
DVA,AQR,Send,GABA,4
DVA,AVAR,Send,GABA,1
DVA,AVAL,Send,GABA,3
DVA,VA01,Send,GABA,1
DVA,AVER,Send,GABA,5
DVA,SABD,Send,GABA,1
DVA,AUAL,Send,GABA,1
DVA,AIZL,Send,GABA,3
DVA,RIMR,Send,GABA,1
DVA,SAAVL,Send,GABA,1
DVA,SAAVR,Send,GABA,1
DVA,VA02,Send,GABA,1
DVA,PVR,GapJunction,GABA_GJ,2
DVA,AUAR,Send,GABA,1
DVA,AVBR,GapJunction,GABA_GJ,1
DVA,RIAR,Send,GABA,1
DVA,VB01,Send,GABA,2
DVA,SAADR,Send,GABA,1
DVA,SMBVL,Send,GABA,3
DVA,VB01,Send,GABA,1
DVA,SMBVR,Send,GABA,2
DVA,RIAL,Send,GABA,1
DVA,AVBL,Send,GABA,1
SMBDR,ALNL,GapJunction,Acetylcholine_GJ,1
SMBDR,AVKR,GapJunction,Acetylcholine_GJ,2
SMBDR,RIBR,GapJunction,Acetylcholine_GJ,1
SMBDR,SAAVL,Send,Acetylcholine,3
SMBDR,AVAL,Send,Acetylcholine,1
SMBDR,AVKL,GapJunction,Acetylcholine_GJ,1
SMBDR,RMED,Send,Acetylcholine,4
DVC,VD01,GapJunction,GABA_GJ,5
DVC,PVPR,GapJunction,GABA_GJ,13
DVC,AIBR,Send,GABA,3
DVC,PVT,Send,GABA,1
DVC,RIGL,Send,GABA,5
DVC,VA09,GapJunction,GABA_GJ,1
DVC,AVKR,Send,GABA,1
DVC,RIBR,Send,GABA,1
DVC,AVAR,Send,GABA,7
DVC,RMFL,Send,GABA,2
DVC,PVPL,GapJunction,GABA_GJ,2
DVC,AVL,GapJunction,GABA_GJ,9
DVC,AVAL,Send,GABA,5
DVC,RMFR,Send,GABA,4
DVC,AVKL,Send,GABA,2
DVC,RIBL,Send,GABA,1
DVC,RIGR,Send,GABA,5
DVC,AIBL,Send,GABA,1
DVC,VD01,GapJunction,GABA_GJ,4
DVC,AVBL,Send,GABA,1
DVB,PHCL,Send,GABA,1
DVB,AS09,GapJunction,GABA_GJ,7
DVB,DD06,Send,GABA,3
DVB,DVC,Send,GABA,3
DVB,AVL,Send,GABA,5
DVB,VA09,GapJunction,GABA_GJ,1
DVB,PVPL,Send,GABA,1
DVB,VB09,GapJunction,GABA_GJ,1
DVB,DA08,Send,GABA,2
DVB,PDA,Send,GABA,1
RMDDL,OLQVL,GapJunction,Acetylcholine_GJ,1
RMDDL,RMDVL,GapJunction,Acetylcholine_GJ,1
RMDDL,RMDVR,Send,Acetylcholine,7
RMDDL,SMDDL,GapJunction,Acetylcholine_GJ,1
RMDDL,RMDL,GapJunction,Acetylcholine_GJ,1
SIADL,RIBL,GapJunction,Acetylcholine_GJ,1
PDEL,PVR,Send,Dopamine,2
PDEL,PVCR,GapJunction,Dopamine_GJ,1
PDEL,VD01,Send,Dopamine,1
PDEL,DVA,Send,Dopamine,24
PDEL,VA09,Send,Dopamine,1
PDEL,AVKL,Send,Dopamine,6
PDEL,PVM,Send,Dopamine,2
PDEL,PDER,GapJunction,Dopamine_GJ,3
IL01L,IL01DL,Send,Glutamate,1
IL01L,RMDR,Send,Glutamate,3
IL01L,RMER,Send,Glutamate,1
IL01L,IL01VL,GapJunction,Glutamate_GJ,1
IL01L,RMDVR,Send,Glutamate,2
IL01L,RMDDL,Send,Glutamate,5
IL01L,RMDVL,Send,Glutamate,4
IL01L,RMDL,Send,Glutamate,1
IL01L,AVER,Send,Glutamate,2
VD04,PVPR,GapJunction,GABA_GJ,1
VD04,DD02,GapJunction,GABA_GJ,2
VD04,VD03,GapJunction,GABA_GJ,1
VD04,VD05,GapJunction,GABA_GJ,1
RIVR,SMDVR,GapJunction,GABA_GJ,2
RIVR,AIBR,GapJunction,GABA_GJ,1
RIVR,SDQR,GapJunction,GABA_GJ,2
RIVR,SIAVL,Send,GABA,2
RIVR,RIVL,GapJunction,GABA_GJ,2
RIVR,RMDVR,Send,GABA,1
RIVR,RIAR,Send,GABA,1
RIVR,RMEV,Send,GABA,1
RIVR,SMDDL,Send,GABA,2
RIVR,SAADL,Send,GABA,2
RIVR,RMDR,Send,GABA,1
RIVR,RMDDL,Send,GABA,1
RIVR,RIAL,Send,GABA,2
I01R,RIPR,GapJunction,Acetylcholine_GJ,1
I01R,I01L,GapJunction,Acetylcholine_GJ,1
I01R,I03,Send,Acetylcholine,1
I01R,I05,GapJunction,Acetylcholine,1
I01R,RIPL,GapJunction,Acetylcholine_GJ,1
VC03,VD01,Send,Serotonin_Acetylcholine,1
VC03,PVPR,Send,Serotonin_Acetylcholine,1
VC03,PVNR,Send,Serotonin_Acetylcholine,1
VC03,VD02,Send,Serotonin_Acetylcholine,1
VC03,VD05,Send,Serotonin_Acetylcholine,4
VC03,VD04,Send,Serotonin_Acetylcholine,2
VC03,VD07,Send,Serotonin_Acetylcholine,5
VC03,VD06,Send,Serotonin_Acetylcholine,4
VC03,DD03,Send,Serotonin_Acetylcholine,5
VC03,DD02,Send,Serotonin_Acetylcholine,4
VC03,DD01,Send,Serotonin_Acetylcholine,2
VC03,VD03,Send,Serotonin_Acetylcholine,1
VC03,DVC,Send,Serotonin_Acetylcholine,1
VC03,DD04,Send,Serotonin_Acetylcholine,12
VC03,AVL,Send,Serotonin_Acetylcholine,1
VC03,VC01,Send,Serotonin_Acetylcholine,2
VC03,VC02,GapJunction,Serotonin_Acetylcholine_GJ,2
VC03,VC04,GapJunction,Serotonin_Acetylcholine_GJ,1
VC03,VC05,GapJunction,Serotonin_Acetylcholine_GJ,2
VC03,HSNR,Send,Serotonin_Acetylcholine,1
VC03,PVQR,Send,Serotonin_Acetylcholine,4
IL01DR,IL01DL,GapJunction,Glutamate_GJ,1
IL01DR,IL01R,GapJunction,Glutamate_GJ,1
IL01DR,RMDVR,Send,Glutamate,5
IL01DR,RMEV,GapJunction,Glutamate_GJ,1
IL01DR,RIPR,Send,Glutamate,5
IL01DR,OLLR,GapJunction,Glutamate_GJ,1
OLQDR,RMDVR,GapJunction,Glutamate_GJ,1
OLQDR,RIBR,GapJunction,Glutamate_GJ,2
OLQDR,RICR,Send,Glutamate,1
OLQDR,RMDDL,Send,Glutamate,3
OLQDR,RICL,Send,Glutamate,1
OLQDR,RIH,GapJunction,Glutamate_GJ,1
OLQDR,SIBVR,Send,Glutamate,2
OLQDR,RIGR,GapJunction,Glutamate_GJ,1
OLQDR,URBR,GapJunction,Glutamate_GJ,1
OLQDR,RMHR,Send,Glutamate,1
OLQDR,CEPDR,GapJunction,Glutamate_GJ,2
PVR,IL01DL,Send,Glutamate,1
PVR,PDEL,Send,Glutamate,1
PVR,PVCR,Send,Glutamate,1
PVR,AVJL,Send,Glutamate,3
PVR,DVA,GapJunction,Glutamate_GJ,2
PVR,RIPL,Send,Glutamate,3
PVR,RIPR,Send,Glutamate,3
PVR,AVKL,Send,Glutamate,1
PVR,DB03,Send,Glutamate,1
PVR,DB02,Send,Glutamate,1
PVR,PDER,Send,Glutamate,1
PVR,IL01DR,Send,Glutamate,1
PVR,ADAL,Send,Glutamate,1
PVR,AVJR,Send,Glutamate,2
PVR,SABD,Send,Glutamate,1
PVR,URADL,Send,Glutamate,1
PVR,AS06,Send,Glutamate,1
PVR,IL01VR,Send,Glutamate,1
PVR,IL01VL,Send,Glutamate,1
PVR,DA09,Send,Glutamate,1
PVR,LUAR,GapJunction,Glutamate_GJ,1
PVR,AVBR,Send,Glutamate,4
PVR,ALML,GapJunction,Glutamate_GJ,1
PVR,PLMR,GapJunction,Glutamate_GJ,2
PVR,LUAL,GapJunction,Glutamate_GJ,1
PVR,AVBL,Send,Glutamate,4
PVT,RMEV,Send,Glutamate,1
PVT,AIBR,Send,Glutamate,4
PVT,RIGL,Send,Glutamate,2
PVT,AVKR,Send,Glutamate,7
PVT,RIBR,GapJunction,Glutamate_GJ,1
PVT,RMFL,Send,Glutamate,2
PVT,DVC,Send,Glutamate,2
PVT,SMBDR,Send,Glutamate,1
PVT,AVL,Send,Glutamate,2
PVT,RMFR,Send,Glutamate,3
PVT,AVKL,Send,Glutamate,7
PVT,PVPL,GapJunction,Glutamate_GJ,1
PVT,RIH,Send,Glutamate,1
PVT,RIGR,Send,Glutamate,3
PVT,AIBL,Send,Glutamate,2
PVT,RIBL,GapJunction,Glutamate_GJ,1
AVEL,AS01,Send,FMRFamide,1
AVEL,VD02,Send,FMRFamide,1
AVEL,PVCR,Send,FMRFamide,1
AVEL,RIMR,GapJunction,FMRFamide_GJ,3
AVEL,SABVL,Send,FMRFamide,7
AVEL,RMDVR,GapJunction,FMRFamide_GJ,1
AVEL,AVAR,Send,FMRFamide,7
AVEL,VD03,Send,FMRFamide,1
AVEL,RMEV,GapJunction,FMRFamide_GJ,1
AVEL,SABVR,Send,FMRFamide,3
AVEL,DA04,Send,FMRFamide,1
AVEL,RIML,GapJunction,FMRFamide_GJ,2
AVEL,AVAL,Send,FMRFamide,12
AVEL,DA01,Send,FMRFamide,5
AVEL,DA02,Send,FMRFamide,1
AVEL,DA03,Send,FMRFamide,3
AVEL,AVER,GapJunction,FMRFamide_GJ,1
AVEL,VA03,Send,FMRFamide,3
AVEL,VA01,Send,FMRFamide,5
AVEL,SABD,Send,FMRFamide,6
AVEL,PVT,Send,FMRFamide,1
I01L,RIPR,GapJunction,Acetylcholine_GJ,1
I01L,I03,Send,Acetylcholine,1
I01L,RIPL,GapJunction,Acetylcholine_GJ,1
I01L,I05,GapJunction,Acetylcholine_GJ,1
I01L,I01R,GapJunction,Acetylcholine_GJ,1
IL02DL,AUAL,Send,Serotonin,1
IL02DL,IL01DL,Send,Serotonin,7
IL02DL,RMER,Send,Serotonin,3
IL02DL,URADL,Send,Serotonin,3
IL02DL,RIPL,Send,Serotonin,10
IL02DL,RMEL,Send,Serotonin,4
IL02DL,RIBL,Send,Serotonin,1
IL02DL,OLQDL,Send,Serotonin,2
ASGL,AIZL,GapJunction,Glutamate_GJ,1
ASGL,AIBL,Send,Glutamate,3
ASGL,AIAL,Send,Glutamate,9
ASGL,AINR,Send,Glutamate,1
ASGL,ASKL,Send,Glutamate,1
AIMR,OLQDR,Send,Serotonin,1
AIMR,PVNR,Send,Serotonin,1
AIMR,AVFL,Send,Serotonin,1
AIMR,HSNL,Send,Serotonin,1
AIMR,AVDR,Send,Serotonin,1
AIMR,ASKR,Send,Serotonin,3
AIMR,AIAR,Send,Serotonin,5
AIMR,RIFR,Send,Serotonin,1
AIMR,ASGR,Send,Serotonin,2
AIMR,RMGR,Send,Serotonin,1
AIMR,ASJR,Send,Serotonin,2
AIMR,HSNR,Send,Serotonin,2
AIMR,AVFR,Send,Serotonin,1
AIML,AVBR,Send,Serotonin,2
AIML,AVFL,Send,Serotonin,4
AIML,AVDR,Send,Serotonin,1
AIML,ALML,Send,Serotonin,1
AIML,SMBVL,Send,Serotonin,1
AIML,SIBDR,GapJunction,Serotonin_GJ,1
AIML,AVJL,Send,Serotonin,1
AIML,ASGL,Send,Serotonin,2
AIML,AVHL,Send,Serotonin,2
AIML,PVQL,Send,Serotonin,1
AIML,AVHR,Send,Serotonin,1
AIML,AIAL,Send,Serotonin,5
AIML,AVDL,Send,Serotonin,1
AIML,AVER,Send,Serotonin,1
AIML,ASKL,Send,Serotonin,2
AIML,RIFL,Send,Serotonin,1
AIML,AVFR,Send,Serotonin,1
ASGR,AINL,GapJunction,Glutamate_GJ,1
ASGR,AIBR,Send,Glutamate,2
ASGR,AIAR,Send,Glutamate,10
ASGR,AIZR,GapJunction,Glutamate_GJ,1
ASGR,AIYR,Send,Glutamate,1
IL02DR,RMER,Send,Serotonin,2
IL02DR,RICR,Send,Serotonin,1
IL02DR,RMEV,Send,Serotonin,1
IL02DR,RIPR,Send,Serotonin,11
IL02DR,RMEL,Send,Serotonin,2
IL02DR,URADR,Send,Serotonin,3
IL02DR,CEPDR,Send,Serotonin,1
IL02DR,RMED,Send,Serotonin,1
IL02DR,IL01DR,Send,Serotonin,7
OLQVL,ADLL,GapJunction,Glutamate_GJ,1
OLQVL,RIGL,GapJunction,Glutamate_GJ,1
OLQVL,URBL,GapJunction,Glutamate_GJ,1
OLQVL,CEPVL,GapJunction,Glutamate_GJ,1
OLQVL,RMDVR,Send,Glutamate,4
OLQVL,RIPL,Send,Glutamate,1
OLQVL,IL02VL,Send,Glutamate,1
OLQVL,RICL,Send,Glutamate,1
OLQVL,RIBL,GapJunction,Glutamate_GJ,1
OLQVL,RIH,Send,Glutamate,1
OLQVL,IL01VL,Send,Glutamate,1
OLQVL,RMDDL,GapJunction,Glutamate_GJ,1
OLQVL,SIBDL,Send,Glutamate,3
AVER,RMDVR,GapJunction,FMRFamide_GJ,1
AVER,RMDVL,GapJunction,FMRFamide_GJ,1
AVER,DB03,Send,FMRFamide,1
AVER,AVEL,GapJunction,FMRFamide_GJ,1
AVER,AVAR,Send,FMRFamide,16
AVER,SABVR,Send,FMRFamide,3
AVER,SABVL,Send,FMRFamide,3
AVER,AVAL,Send,FMRFamide,7
AVER,VA02,Send,FMRFamide,1
AVER,VA03,Send,FMRFamide,2
AVER,VA01,Send,FMRFamide,1
AVER,SABD,Send,FMRFamide,2
AVER,VA05,Send,FMRFamide,1
AVER,AS03,Send,FMRFamide,1
AVER,AS02,Send,FMRFamide,2
AVER,AS01,Send,FMRFamide,3
AVER,RIMR,GapJunction,FMRFamide_GJ,2
AVER,RMEV,GapJunction,FMRFamide_GJ,1
AVER,DA01,Send,FMRFamide,5
AVER,DA02,Send,FMRFamide,3
AVER,DA03,Send,FMRFamide,1
AVER,RIML,GapJunction,FMRFamide_GJ,3
AVER,AVDR,Send,FMRFamide,1
AVER,VA04,Send,FMRFamide,1
RIFL,VD01,GapJunction,Glutamate_GJ,1
RIFL,AVBR,Send,Glutamate,1
RIFL,ALML,Send,Glutamate,2
RIFL,AVJR,Send,Glutamate,2
RIFL,PVPL,Send,Glutamate,3
RIFL,AVHR,Send,Glutamate,1
RIFL,RIML,Send,Glutamate,4
RIFL,AVG,GapJunction,Glutamate_GJ,1
RIFL,AVBL,Send,Glutamate,10
PVM,PDEL,Send,Glutamate,7
PVM,DVA,Send,Glutamate,3
PVM,AVL,GapJunction,Glutamate_GJ,1
PVM,AVM,Send,Glutamate,1
PVM,PVR,Send,Glutamate,1
PVM,AVKL,Send,Glutamate,11
PVM,PVCL,Send,Glutamate,2
PVM,PDER,Send,Glutamate,8
OLQDL,CEPDL,GapJunction,Glutamate_GJ,1
OLQDL,RIGL,GapJunction,Glutamate_GJ,1
OLQDL,RMDDR,Send,Glutamate,4
OLQDL,URBL,GapJunction,Glutamate_GJ,1
OLQDL,SIBVL,Send,Glutamate,3
OLQDL,RICR,Send,Glutamate,1
OLQDL,RMDVL,GapJunction,Glutamate_GJ,1
OLQDL,RIBL,GapJunction,Glutamate_GJ,2
AS03,VD03,Send,Acetylcholine,15
AS03,VD02,Send,Acetylcholine,1
AS03,DD01,Send,Acetylcholine,1
AS03,AVAR,GapJunction,Acetylcholine_GJ,1
AS03,AVAL,GapJunction,Acetylcholine_GJ,2
AS03,DA02,GapJunction,Acetylcholine_GJ,1
AS03,DA03,Send,Acetylcholine,1
AS03,VA05,GapJunction,Acetylcholine_GJ,2
AS02,DB01,Send,Acetylcholine,1
AS02,DD01,Send,Acetylcholine,1
AS02,VD02,Send,Acetylcholine,10
AS02,VA04,GapJunction,Acetylcholine_GJ,2
AS02,DA02,GapJunction,Acetylcholine_GJ,1
AS01,VD01,Send,Acetylcholine,5
AS01,VD02,GapJunction,Acetylcholine_GJ,1
AS01,AVAR,GapJunction,Acetylcholine_GJ,2
AS01,AVAL,GapJunction,Acetylcholine_GJ,3
AS01,DA01,Send,Acetylcholine,2
AS01,VA03,GapJunction,Acetylcholine_GJ,1
URADL,IL01DL,Send,Acetylcholine,2
URADL,RMEL,Send,Acetylcholine,1
URADL,RIPL,Send,Acetylcholine,3
AS07,AVBR,GapJunction,Acetylcholine_GJ,2
AS07,AVAL,GapJunction,Acetylcholine_GJ,6
AS07,AVAR,GapJunction,Acetylcholine_GJ,5
AS07,AVBL,GapJunction,Acetylcholine_GJ,2
AS06,AVBR,GapJunction,Acetylcholine_GJ,1
AS06,VD06,Send,Acetylcholine,13
AS06,AVAR,GapJunction,Acetylcholine_GJ,1
AS06,VA08,GapJunction,Acetylcholine_GJ,1
AS06,DA05,GapJunction,Acetylcholine_GJ,2
AS06,AVAL,GapJunction,Acetylcholine_GJ,1
AS05,VD05,Send,Acetylcholine,9
AS05,DD02,Send,Acetylcholine,1
AS05,AVAL,GapJunction,Acetylcholine_GJ,1
AS05,AVAR,GapJunction,Acetylcholine_GJ,1
AS05,VA07,GapJunction,Acetylcholine_GJ,1
AS04,VD04,Send,Acetylcholine,11
AS04,AS05,Send,Acetylcholine,1
AS04,DA03,GapJunction,Acetylcholine_GJ,1
AS09,AVAL,GapJunction,Acetylcholine_GJ,4
AS09,AVAR,GapJunction,Acetylcholine_GJ,1
AS09,DVB,GapJunction,Acetylcholine_GJ,7
AS08,AVAL,GapJunction,Acetylcholine_GJ,4
AS08,AVAR,GapJunction,Acetylcholine_GJ,3
PVCR,PDEL,Send,Glutamate,1
PVCR,PHCR,GapJunction,Glutamate_GJ,1
PVCR,DB03,Send,Glutamate,3
PVCR,DB02,Send,Glutamate,1
PVCR,DB05,Send,Glutamate,1
PVCR,DB04,Send,Glutamate,4
PVCR,DB07,Send,Glutamate,1
PVCR,DB06,Send,Glutamate,2
PVCR,PVCL,GapJunction,Glutamate_GJ,5
PVCR,AVEL,Send,Glutamate,1
PVCR,AQR,Send,Glutamate,1
PVCR,AVAR,Send,Glutamate,7
PVCR,VA08,GapJunction,Glutamate_GJ,2
PVCR,AVAL,Send,Glutamate,7
PVCR,VA09,GapJunction,Glutamate_GJ,1
PVCR,AVER,Send,Glutamate,1
PVCR,RID,Send,Glutamate,5
PVCR,AS02,Send,Glutamate,1
PVCR,VB04,Send,Glutamate,3
PVCR,VB01,Send,Glutamate,1
PVCR,PVR,Send,Glutamate,1
PVCR,FLPL,Send,Glutamate,1
PVCR,AVJL,GapJunction,Glutamate_GJ,3
PVCR,PVWR,GapJunction,Glutamate_GJ,1
PVCR,DA09,Send,Glutamate,1
PVCR,LUAR,Send,Glutamate,1
PVCR,AVBR,Send,Glutamate,6
PVCR,AVDR,Send,Glutamate,1
PVCR,PVDL,Send,Glutamate,1
PVCR,PVWL,GapJunction,Glutamate_GJ,2
PVCR,AVL,Send,Glutamate,1
PVCR,VB07,Send,Glutamate,3
PVCR,VB06,Send,Glutamate,2
PVCR,SIBVR,Send,Glutamate,2
PVCR,AVDL,Send,Glutamate,5
PVCR,VB08,Send,Glutamate,1
PVCR,PLMR,GapJunction,Glutamate_GJ,1
PVCR,AVBL,Send,Glutamate,8
VD03,VA03,Send,GABA,2
VD03,VD02,GapJunction,GABA_GJ,2
VD03,VD04,GapJunction,GABA_GJ,1
VD03,PVPL,GapJunction,GABA_GJ,1
VD03,VB02,Send,GABA,2
SMDVR,RIAR,Send,Acetylcholine,5
SMDVR,RMDVR,GapJunction,Acetylcholine_GJ,1
SMDVR,SMDDL,Send,Acetylcholine,2
SMDVR,VB01,GapJunction,Acetylcholine_GJ,1
SMDVR,SMDVL,GapJunction,Acetylcholine_GJ,1
SMDVR,RIBL,GapJunction,Acetylcholine_GJ,2
SMDVR,RIVR,GapJunction,Acetylcholine_GJ,2
SMDVR,RMDDL,Send,Acetylcholine,1
SMDVR,RIAL,Send,Acetylcholine,7
VD02,VD01,GapJunction,GABA_GJ,7
VD02,AS01,GapJunction,GABA_GJ,1
VD02,DD01,GapJunction,GABA_GJ,2
VD02,VD03,GapJunction,GABA_GJ,2
VD02,VB02,Send,GABA,3
VD02,VA02,Send,GABA,6
LUAR,PVR,GapJunction,Glutamate_GJ,1
LUAR,PVCR,Send,Glutamate,3
LUAR,AVDR,Send,Glutamate,3
LUAR,AVJR,Send,Glutamate,1
LUAR,PVWL,Send,Glutamate,1
LUAR,AVAR,Send,Glutamate,7
LUAR,PQR,Send,Glutamate,1
LUAR,AVAL,Send,Glutamate,3
LUAR,AVDL,Send,Glutamate,1
LUAR,PLMR,GapJunction,Glutamate_GJ,1
VA03,AS01,GapJunction,Acetylcholine_GJ,1
VA03,VD02,Send,Acetylcholine,3
VA03,DD02,Send,Acetylcholine,11
VA03,DD01,Send,Acetylcholine,18
VA03,AVAR,GapJunction,Acetylcholine_GJ,2
VA03,VD03,Send,Acetylcholine,3
VA03,AVAL,GapJunction,Acetylcholine_GJ,1
VA03,VA04,Send,Acetylcholine,1
VA03,SABD,GapJunction,Acetylcholine_GJ,2
VA01,VD01,Send,Acetylcholine,2
VA01,AVAL,GapJunction,Acetylcholine_GJ,3
VA01,DD01,Send,Acetylcholine,9
VA01,DA02,GapJunction,Acetylcholine_GJ,2
URYVR,SIBDR,Send,Glutamate,1
URYVR,RIAR,Send,Glutamate,1
URYVR,RMDDR,Send,Glutamate,6
URYVR,AVEL,Send,Glutamate,6
URYVR,IL01VR,Send,Glutamate,1
URYVR,RIBR,Send,Glutamate,1
URYVR,RMDVL,Send,Glutamate,4
URYVR,AVAL,Send,Glutamate,1
URYVR,SMDVL,Send,Glutamate,3
URYVR,SIBVL,Send,Glutamate,1
URYVR,RIGR,GapJunction,Glutamate_GJ,1
RIPL,OLQDR,Send,Serotonin,1
RIPL,RMED,GapJunction,Serotonin_GJ,1
RIPL,OLQDL,Send,Serotonin,1
VD01,AVAR,Send,GABA,2
VD01,VA01,Send,GABA,1
VD01,VB01,Send,GABA,1
PDB,RID,GapJunction,FMRFamide_GJ,2
PDB,VD01,Send,FMRFamide,2
PDB,AS01,GapJunction,FMRFamide_GJ,2
PDA,PVNR,Send,Serotonin,1
PDA,VD01,Send,Serotonin,3
PDA,DA09,Send,Serotonin,1
PDA,AS01,Send,Serotonin,1
PDA,DD06,Send,Serotonin,1
SMBVR,AVKR,GapJunction,Acetylcholine_GJ,1
SMBVR,SAAVL,GapJunction,Acetylcholine_GJ,3
SMBVR,AVKL,GapJunction,Acetylcholine_GJ,1
SMBVR,SAADR,Send,Acetylcholine,4
SMBVR,RMEV,Send,Acetylcholine,3
BAGR,RIGL,Send,Glutamate,5
BAGR,AVEL,Send,Glutamate,2
BAGR,RIR,GapJunction,Glutamate_GJ,1
BAGR,AVAL,Send,Glutamate,1
BAGR,RIBL,Send,Glutamate,4
BAGR,RIAL,Send,Glutamate,5
BAGR,AIYL,Send,Glutamate,1
BAGR,BAGL,GapJunction,Glutamate_GJ,1
AVFL,AVBR,Send,Glutamate,2
AVFL,HSNL,Send,Glutamate,1
AVFL,PVQL,Send,Glutamate,1
AVFL,AVJR,Send,Glutamate,1
AVFL,PVQR,GapJunction,Glutamate_GJ,1
AVFL,AVHL,GapJunction,Glutamate_GJ,2
AVFL,PDER,Send,Glutamate,1
AVFL,AVL,Send,Glutamate,1
AVFL,VB01,Send,Glutamate,1
AVFL,AVHR,GapJunction,Glutamate_GJ,3
AVFL,AVJL,Send,Glutamate,1
AVFL,AVG,Send,Glutamate,1
AVFL,PVNL,Send,Glutamate,2
AVFL,AVFR,GapJunction,Glutamate_GJ,23
AVFL,AVBL,Send,Glutamate,1
SDQR,AVBR,Send,Acetylcholine,4
SDQR,ADLL,Send,Acetylcholine,1
SDQR,SIBVL,GapJunction,Acetylcholine_GJ,1
SDQR,RICR,Send,Acetylcholine,1
SDQR,RIVR,GapJunction,Acetylcholine_GJ,2
SDQR,DVA,Send,Acetylcholine,3
SDQR,AVAL,Send,Acetylcholine,2
SDQR,RMHL,Send,Acetylcholine,2
SDQR,RIVL,GapJunction,Acetylcholine_GJ,2
SDQR,SDQL,GapJunction,Acetylcholine_GJ,1
SDQR,AIBL,Send,Acetylcholine,2
SDQR,RMHR,Send,Acetylcholine,1
SDQR,AVBL,Send,Acetylcholine,6
PQR,LUAR,Send,Glutamate,1
PQR,AVDR,Send,Glutamate,6
PQR,AVAR,Send,Glutamate,11
PQR,PVPL,GapJunction,Glutamate_GJ,4
PQR,AVAL,Send,Glutamate,8
PQR,AVDL,Send,Glutamate,7
PQR,AVG,Send,Glutamate,1
PQR,PVNL,Send,Glutamate,1
RIGL,AIBR,GapJunction,FRMFemide_GJ,3
RIGL,OLLL,GapJunction,FRMFemide_GJ,1
RIGL,OLQVL,GapJunction,FRMFemide_GJ,1
RIGL,AVKR,Send,FRMFemide,2
RIGL,DVC,Send,FRMFemide,1
RIGL,URYVL,GapJunction,FRMFemide_GJ,1
RIGL,AVKL,GapJunction,FRMFemide_GJ,1
RIGL,ALNL,Send,FRMFemide,1
RIGL,AVEL,Send,FRMFemide,1
RIGL,AQR,GapJunction,FRMFemide_GJ,2
RIGL,RIR,Send,FRMFemide,2
RIGL,RMFL,Send,FRMFemide,1
RIGL,RIBL,Send,FRMFemide,1
RIGL,AVER,Send,FRMFemide,1
RIGL,RMHR,Send,FRMFemide,3
RIGL,OLQDL,GapJunction,FRMFemide_GJ,1
RIGL,VD01,GapJunction,FRMFemide_GJ,2
RIGL,URYDL,GapJunction,FRMFemide_GJ,1
RIGL,RMEL,GapJunction,FRMFemide_GJ,1
RIGL,AIZR,Send,FRMFemide,1
RIGL,BAGR,Send,FRMFemide,1
RIGL,VB02,GapJunction,FRMFemide_GJ,1
RIGL,RIGR,GapJunction,FRMFemide_GJ,3
AFDL,AIBL,GapJunction,Glutamate_GJ,1
AFDL,AIYL,Send,Glutamate,7
AFDL,AINR,Send,Glutamate,1
AFDL,AFDR,GapJunction,Glutamate_GJ,1
I02R,I01L,GapJunction,Glutamate_GJ,1
I02R,M01,Send,Glutamate,2
I02R,I01R,GapJunction,Glutamate_GJ,1
VD06,VD05,GapJunction,GABA_GJ,2
VD06,AVAL,Send,GABA,1
VD06,VA06,Send,GABA,1
VD06,VD07,GapJunction,GABA_GJ,1
VD06,VB05,Send,GABA,2
RMHL,RMDR,Send,Glutamate,1
RMHL,RMGL,GapJunction,Glutamate_GJ,3
RMHL,SIBVR,GapJunction,Glutamate_GJ,1
BDUR,PVNR,Send,GABA,1
BDUR,PVCL,Send,GABA,1
BDUR,ADER,Send,GABA,1
BDUR,AVHL,Send,GABA,1
BDUR,AVAL,Send,GABA,3
BDUR,URADR,Send,GABA,1
BDUR,ALMR,Send,GABA,1
BDUR,AVJL,Send,GABA,2
BDUR,SDQL,Send,GABA,1
BDUR,HSNR,Send,GABA,4
BDUR,PVNL,Send,GABA,2
VB03,AVBR,GapJunction,Acetylcholine_GJ,1
VB03,DD02,Send,Acetylcholine,37
VB03,VB02,GapJunction,Acetylcholine_GJ,1
VB03,DB01,GapJunction,Acetylcholine_GJ,1
VB03,VA07,GapJunction,Acetylcholine_GJ,1
VB03,VA04,Send,Acetylcholine,1
BDUL,PVNR,Send,GABA,2
BDUL,HSNL,Send,GABA,1
BDUL,AVJR,Send,GABA,1
BDUL,URADL,Send,GABA,1
BDUL,AVHL,Send,GABA,1
BDUL,SAADL,Send,GABA,1
BDUL,ADEL,Send,GABA,3
BDUL,PVNL,Send,GABA,2
VB01,VD01,Send,Acetylcholine,3
VB01,AIBR,Send,Acetylcholine,1
VB01,VA01,Send,Acetylcholine,3
VB01,DD01,Send,Acetylcholine,1
VB01,DVA,Send,Acetylcholine,1
VB01,RMFL,Send,Acetylcholine,2
VB01,SMDVR,GapJunction,Acetylcholine_GJ,1
VB01,VB02,GapJunction,Acetylcholine_GJ,4
VB01,VD02,Send,Acetylcholine,1
VB01,AVKL,GapJunction,Acetylcholine_GJ,4
VB01,VA03,Send,Acetylcholine,1
VB01,RIML,Send,Acetylcholine,2
VB01,SAADL,Send,Acetylcholine,9
VB01,DB02,GapJunction,Acetylcholine_GJ,2
VB01,SAADR,Send,Acetylcholine,2
VB01,SABD,Send,Acetylcholine,1
VB01,AVBL,GapJunction,Acetylcholine_GJ,1
SMDVL,RIAR,Send,Acetylcholine,8
SMDVL,PVR,Send,Acetylcholine,1
SMDVL,RMDDR,Send,Acetylcholine,1
SMDVL,RIVL,Send,Acetylcholine,1
SMDVL,RIBR,GapJunction,Acetylcholine_GJ,2
SMDVL,RIS,GapJunction,Acetylcholine_GJ,1
SMDVL,SMDVR,GapJunction,Acetylcholine_GJ,1
SMDVL,RMDVL,GapJunction,Acetylcholine_GJ,1
SMDVL,SMDDR,Send,Acetylcholine,4
SMDVL,RIAL,Send,Acetylcholine,3
I02L,I01L,GapJunction,Glutamate_GJ,1
I02L,M01,Send,Glutamate,2
I02L,I01R,GapJunction,Glutamate_GJ,1
RMFL,PVT,Send,Glutamate,1
RMFL,RMDR,Send,Glutamate,3
RMFL,AVKR,Send,Glutamate,4
RMFL,AVKL,Send,Glutamate,4
RMFL,URBR,GapJunction,Glutamate_GJ,1
RMFL,RIGR,Send,Glutamate,1
RMFL,RMGR,Send,Glutamate,1
VB05,VD06,Send,Acetylcholine,7
VB05,DD03,Send,Acetylcholine,27
VB05,VB02,GapJunction,Acetylcholine_GJ,1
VB05,VB06,GapJunction,Acetylcholine_GJ,1
VB05,VB04,GapJunction,Acetylcholine_GJ,1
VB05,AVBL,GapJunction,Acetylcholine_GJ,1
AFDR,AFDL,GapJunction,Glutamate_GJ,1
AFDR,AIBR,GapJunction,Glutamate_GJ,1
AFDR,AIYR,Send,Glutamate,13
AFDR,ASER,Send,Glutamate,1
RIGR,OLQDR,GapJunction,FRMFemide_GJ,1
RIGR,RMHL,Send,FRMFemide,4
RIGR,RIGL,GapJunction,FRMFemide_GJ,3
RIGR,AQR,GapJunction,FRMFemide_GJ,1
RIGR,AVKR,Send,FRMFemide,1
RIGR,RIBR,Send,FRMFemide,1
RIGR,RIR,Send,FRMFemide,1
RIGR,URYDR,GapJunction,FRMFemide_GJ,1
RIGR,URYVR,GapJunction,FRMFemide_GJ,1
RIGR,AVKL,Send,FRMFemide,4
RIGR,OLQVR,GapJunction,FRMFemide_GJ,1
RIGR,AVER,Send,FRMFemide,2
RIGR,OLLR,GapJunction,FRMFemide_GJ,1
RIGR,AIBL,GapJunction,FRMFemide_GJ,3
RIGR,BAGL,GapJunction,FRMFemide_GJ,1
RIGR,ALNR,Send,FRMFemide,1
SDQL,AIBR,Send,Acetylcholine,1
SDQL,SDQR,GapJunction,Acetylcholine_GJ,1
SDQL,AVEL,Send,Acetylcholine,1
SDQL,ALML,Send,Acetylcholine,1
SDQL,RICR,Send,Acetylcholine,1
SDQL,AVAR,Send,Acetylcholine,3
SDQL,RIS,Send,Acetylcholine,3
SDQL,RMFL,Send,Acetylcholine,1
SDQL,AVAL,Send,Acetylcholine,1
SDQL,FLPL,Send,Acetylcholine,1
VB08,AVBR,GapJunction,Acetylcholine_GJ,3
VB08,VD09,Send,Acetylcholine,10
VB08,DD05,Send,Acetylcholine,30
VB08,VA08,GapJunction,Acetylcholine_GJ,3
VB08,VA09,Send,Acetylcholine,9
VB08,VB09,GapJunction,Acetylcholine_GJ,3
VB08,VD01,Send,Acetylcholine,1
VB08,AVBL,GapJunction,Acetylcholine_GJ,7
AVFR,AVBR,Send,Glutamate,5
AVFR,AVFL,GapJunction,Glutamate_GJ,23
AVFR,ASJL,Send,Glutamate,1
AVFR,PVQL,Send,Glutamate,1
AVFR,AVJR,Send,Glutamate,1
AVFR,AVHL,GapJunction,Glutamate_GJ,2
AVFR,AVHR,GapJunction,Glutamate_GJ,1
AVFR,VC04,GapJunction,Glutamate_GJ,1
AVFR,AVJL,Send,Glutamate,1
AVFR,ASKL,Send,Glutamate,1
AVFR,HSNR,Send,Glutamate,1
AVFR,VD01,Send,Glutamate,1
AVFR,AVBL,Send,Glutamate,1
BAGL,BAGR,GapJunction,Glutamate_GJ,1
BAGL,RIAR,Send,Glutamate,5
BAGL,RIGL,Send,Glutamate,1
BAGL,AVEL,Send,Glutamate,1
BAGL,RIR,GapJunction,Glutamate_GJ,1
BAGL,RIBR,Send,Glutamate,7
BAGL,AVAR,Send,Glutamate,1
BAGL,RIGR,GapJunction,Glutamate_GJ,1
BAGL,RIBL,Send,Glutamate,1
BAGL,AVER,Send,Glutamate,4
BAGL,AIBL,Send,Glutamate,1
URADR,RMER,Send,Acetylcholine,1
URADR,RMDVR,Send,Acetylcholine,1
URADR,URYDR,Send,Acetylcholine,1
URADR,RIPR,Send,Acetylcholine,3
URADR,RMED,Send,Acetylcholine,1
URADR,IL01DR,Send,Acetylcholine,1
AIBR,RIMR,Send,Glutamate,1
AIBR,AVBR,Send,Glutamate,3
AIBR,RIGL,GapJunction,Glutamate_GJ,3
AIBR,PVT,GapJunction,Glutamate_GJ,1
AIBR,AVEL,Send,Glutamate,1
AIBR,RIVR,GapJunction,Glutamate_GJ,1
AIBR,AVAR,Send,Glutamate,1
AIBR,RIS,GapJunction,Glutamate_GJ,1
AIBR,DVC,GapJunction,Glutamate_GJ,2
AIBR,SMDDL,Send,Glutamate,3
AIBR,RIML,Send,Glutamate,16
AIBR,VB01,Send,Glutamate,3
AIBR,SMDVL,Send,Glutamate,1
AIBR,SAADL,Send,Glutamate,1
AIBR,RIBL,Send,Glutamate,4
AIBR,AFDR,GapJunction,Glutamate_GJ,1
AIBR,DB01,GapJunction,Glutamate_GJ,1
AIBR,RIAL,Send,Glutamate,1
AVKR,PVQL,Send,FMRFamide,1
AVKR,SMBDR,GapJunction,FMRFamide_GJ,2
AVKR,SMDDR,Send,FMRFamide,2
AVKR,RIMR,Send,FMRFamide,2
AVKR,AQR,GapJunction,FMRFamide_GJ,1
AVKR,RMDR,Send,FMRFamide,1
AVKR,RMFL,Send,FMRFamide,1
AVKR,PVPL,GapJunction,FMRFamide_GJ,6
AVKR,RIGR,GapJunction,FMRFamide_GJ,1
AVKR,BDUL,Send,FMRFamide,1
AVKR,RICL,GapJunction,FMRFamide_GJ,1
AVKR,SMBDL,GapJunction,FMRFamide_GJ,1
AVKR,AVKL,GapJunction,FMRFamide_GJ,2
AVKR,SMBVR,GapJunction,FMRFamide_GJ,1
AVKR,ADEL,GapJunction,FMRFamide_GJ,1
AVKR,SAADL,Send,FMRFamide,1
AVKR,RIML,Send,FMRFamide,2
AVKR,SMDDL,Send,FMRFamide,1
OLQVR,SIBDR,Send,Glutamate,4
OLQVR,RMDDR,GapJunction,Glutamate_GJ,1
OLQVR,CEPVR,GapJunction,Glutamate_GJ,1
OLQVR,RMER,Send,Glutamate,1
OLQVR,RIBR,GapJunction,Glutamate_GJ,1
OLQVR,RICR,Send,Glutamate,1
OLQVR,RIPR,Send,Glutamate,2
OLQVR,RMDVL,Send,Glutamate,4
OLQVR,RIH,Send,Glutamate,2
OLQVR,IL01VR,Send,Glutamate,1
OLQVR,RIGR,GapJunction,Glutamate_GJ,1
OLQVR,URBR,GapJunction,Glutamate_GJ,1
RMDVR,OLQDR,GapJunction,Acetylcholine_GJ,1
RMDVR,AVEL,GapJunction,Acetylcholine_GJ,1
RMDVR,RMDDR,GapJunction,Acetylcholine_GJ,1
RMDVR,SIBDR,Send,Acetylcholine,1
RMDVR,RMDR,GapJunction,Acetylcholine_GJ,1
RMDVR,SMDVR,GapJunction,Acetylcholine_GJ,1
RMDVR,SAAVR,GapJunction,Acetylcholine_GJ,1
RMDVR,RMDDL,Send,Acetylcholine,4
RMDVR,RMDVL,GapJunction,Acetylcholine_GJ,1
RMDVR,SIBVR,Send,Acetylcholine,1
RMDVR,AVER,GapJunction,Acetylcholine_GJ,1
M03R,MCL,GapJunction,Glutamate_GJ,1
M03R,NSMR,Send,Glutamate,3
M03R,MI,Send,Glutamate,1
M03R,I03,Send,Glutamate,2
M03R,I05,Send,Glutamate,3
M03R,I04,Send,Glutamate,6
M03R,I06,Send,Glutamate,1
M03R,I01L,Send,Glutamate,4
M03R,M03L,GapJunction,Glutamate_GJ,1
M03R,M01,Send,Glutamate,1
M03R,NSML,Send,Glutamate,2
M03R,I01R,Send,Glutamate,4
M03R,MCR,GapJunction,Glutamate_GJ,1
RIPR,OLQDR,Send,Serotonin,1
RIPR,RMED,GapJunction,Serotonin_GJ,1
RIPR,OLQDL,Send,Serotonin,1
RMDVL,RMDDR,Send,Acetylcholine,6
RMDVL,RMDVR,GapJunction,Acetylcholine_GJ,1
RMDVL,SAAVL,GapJunction,Acetylcholine_GJ,1
RMDVL,RMDDL,GapJunction,Acetylcholine_GJ,1
RMDVL,SMDVL,GapJunction,Acetylcholine_GJ,1
RMDVL,RMDL,GapJunction,Acetylcholine_GJ,1
RMDVL,AVER,GapJunction,Acetylcholine_GJ,1
RMDVL,OLQDL,GapJunction,Acetylcholine_GJ,1
AVKL,PDEL,Send,FMRFamide,3
AVKL,AVKR,GapJunction,FMRFamide_GJ,2
AVKL,DVA,Send,FMRFamide,1
AVKL,SMBDR,GapJunction,FMRFamide_GJ,1
AVKL,SMBDL,GapJunction,FMRFamide_GJ,1
AVKL,PDER,Send,FMRFamide,1
AVKL,PVT,GapJunction,FMRFamide_GJ,2
AVKL,ADER,GapJunction,FMRFamide_GJ,1
AVKL,AQR,GapJunction,FMRFamide_GJ,2
AVKL,VB01,GapJunction,FMRFamide_GJ,4
AVKL,PVPL,GapJunction,FMRFamide_GJ,1
AVKL,PVPR,GapJunction,FMRFamide_GJ,1
AVKL,RMFR,Send,FMRFamide,1
AVKL,AVER,Send,FMRFamide,1
AVKL,PVM,Send,FMRFamide,1
AVKL,RIMR,Send,FMRFamide,1
AVKL,SMDDR,Send,FMRFamide,1
AVKL,RIML,Send,FMRFamide,2
AVKL,AVEL,Send,FMRFamide,2
AVKL,RIGL,GapJunction,FMRFamide_GJ,1
AVKL,SAADR,Send,FMRFamide,1
AVKL,VB01,GapJunction,FMRFamide_GJ,1
AVKL,RICR,GapJunction,FMRFamide_GJ,1
AVKL,AVM,Send,FMRFamide,1
AVKL,RICL,GapJunction,FMRFamide_GJ,1
AVKL,SMBVR,GapJunction,FMRFamide_GJ,1
AVKL,SIAVR,Send,FMRFamide,1
AVKL,AVBL,Send,FMRFamide,1
PHAR,PVQL,Send,Glutamate,2
PHAR,AVHR,Send,Glutamate,1
PHAR,PHBR,Send,Glutamate,5
PHAR,DVA,Send,Glutamate,1
PHAR,PVPL,GapJunction,Glutamate_GJ,3
PHAR,PHAL,Send,Glutamate,6
PHAR,PHBL,Send,Glutamate,1
PHAR,AVG,Send,Glutamate,3
PHAR,DA08,Send,Glutamate,1
PVCL,PVCR,GapJunction,Glutamate_GJ,5
PVCL,DVA,Send,Glutamate,4
PVCL,DB03,Send,Glutamate,4
PVCL,DB02,Send,Glutamate,3
PVCL,DB05,Send,Glutamate,2
PVCL,DB04,Send,Glutamate,3
PVCL,DB07,Send,Glutamate,3
PVCL,DB06,Send,Glutamate,2
PVCL,AVEL,Send,Glutamate,2
PVCL,VB01,Send,Glutamate,2
PVCL,AVAR,Send,Glutamate,4
PVCL,RIS,Send,Glutamate,2
PVCL,AVAL,GapJunction,Glutamate_GJ,2
PVCL,AVER,Send,Glutamate,1
PVCL,RID,Send,Glutamate,5
PVCL,AS01,Send,Glutamate,1
PVCL,AVJR,Send,Glutamate,1
PVCL,DA05,Send,Glutamate,1
PVCL,DA06,Send,Glutamate,1
PVCL,DA02,Send,Glutamate,1
PVCL,AVJL,Send,Glutamate,3
PVCL,AVBR,Send,Glutamate,12
PVCL,PLML,GapJunction,Glutamate_GJ,1
PVCL,VB01,Send,Glutamate,1
PVCL,AVDR,Send,Glutamate,2
PVCL,SIBVL,Send,Glutamate,2
PVCL,VB03,Send,Glutamate,1
PVCL,VB06,Send,Glutamate,2
PVCL,VB05,Send,Glutamate,1
PVCL,VB04,Send,Glutamate,1
PVCL,AVDL,Send,Glutamate,5
PVCL,VB09,GapJunction,Glutamate_GJ,2
PVCL,VB08,Send,Glutamate,1
PVCL,AVBL,Send,Glutamate,5
AIBL,PVT,GapJunction,Glutamate_GJ,1
AIBL,RIMR,Send,Glutamate,13
AIBL,AFDL,GapJunction,Glutamate_GJ,1
AIBL,SAADR,Send,Glutamate,2
AIBL,RIBR,Send,Glutamate,4
AIBL,DVC,GapJunction,Glutamate_GJ,1
AIBL,RIML,Send,Glutamate,2
AIBL,AVAL,Send,Glutamate,2
AIBL,SMDDR,Send,Glutamate,4
AIBL,SAADL,Send,Glutamate,2
AIBL,FLPL,Send,Glutamate,1
AIBL,ASER,Send,Glutamate,1
AIBL,RIGR,GapJunction,Glutamate_GJ,3
AIBL,RIFL,Send,Glutamate,1
AIBL,RIVL,GapJunction,Glutamate_GJ,1
AIBL,AIYL,Send,Glutamate,1
AIBL,AVBL,Send,Glutamate,5
URAVL,RMER,Send,Acetylcholine,1
URAVL,RMEL,Send,Acetylcholine,1
URAVL,RMEV,Send,Acetylcholine,2
URAVL,RIPL,Send,Acetylcholine,3
AWAR,AIYR,Send,Serotonin,2
AWAR,AIAR,GapJunction,Serotonin_GJ,1
AWAR,RIFR,Send,Serotonin,2
AWAR,ASER,Send,Serotonin,2
AWAR,ASEL,Send,Serotonin,1
AWAR,AWBR,Send,Serotonin,1
AWAR,ADFR,Send,Serotonin,3
AWAR,RIR,Send,Serotonin,2
AWAR,AFDR,Send,Serotonin,7
AWAR,RIGR,Send,Serotonin,1
AWAR,AIZR,Send,Serotonin,7
AWAR,AWAL,GapJunction,Serotonin_GJ,1
AWAR,AUAR,Send,Serotonin,1
ASIL,AIZL,Send,Glutamate,1
ASIL,ASER,Send,Glutamate,1
ASIL,AWCR,Send,Glutamate,1
ASIL,RIBL,Send,Glutamate,1
ASIL,AIYL,Send,Glutamate,2
ASIL,AIAL,GapJunction,Glutamate_GJ,2
ASIL,ASKL,Send,Glutamate,2
ASIL,AIBL,Send,Glutamate,1
ASIL,ASIR,GapJunction,Glutamate_GJ,1
ASIL,AWCL,Send,Glutamate,1
ADER,PVR,Send,Dopamine,1
ADER,RIH,Send,Dopamine,1
ADER,RIGL,Send,Dopamine,7
ADER,AVDR,Send,Dopamine,2
ADER,FLPR,Send,Dopamine,1
ADER,AVJR,Send,Dopamine,1
ADER,ADAR,Send,Dopamine,1
ADER,AVAR,Send,Dopamine,1
ADER,ALA,Send,Dopamine,1
ADER,SAAVR,Send,Dopamine,1
ADER,AVER,Send,Dopamine,1
ADER,AVAL,Send,Dopamine,5
ADER,AVKL,GapJunction,Dopamine_GJ,1
ADER,FLPL,Send,Dopamine,1
ADER,RMDR,Send,Dopamine,2
ADER,ADEL,Send,Dopamine,2
ADER,OLLR,Send,Dopamine,2
ADER,AVKR,Send,Dopamine,1
ADER,RIGR,Send,Dopamine,4
ADER,CEPDR,Send,Dopamine,1
AQR,BAGR,Send,Glutamate,2
AQR,AVBR,Send,Glutamate,4
AQR,RIAR,Send,Glutamate,1
AQR,PVCR,Send,Glutamate,2
AQR,RIGL,GapJunction,Glutamate_GJ,2
AQR,AVDR,Send,Glutamate,1
AQR,AVKR,GapJunction,Glutamate_GJ,1
AQR,AVAR,Send,Glutamate,3
AQR,PVPL,GapJunction,Glutamate_GJ,7
AQR,PVPR,GapJunction,Glutamate_GJ,9
AQR,AVAL,Send,Glutamate,1
AQR,AVKL,GapJunction,Glutamate_GJ,2
AQR,URXL,Send,Glutamate,1
AQR,AVJL,Send,Glutamate,1
AQR,RIGR,GapJunction,Glutamate_GJ,1
AQR,AVDL,Send,Glutamate,1
AQR,RIAL,Send,Glutamate,3
AQR,BAGL,Send,Glutamate,2
AQR,AVBL,Send,Glutamate,3
VA01,AVAL,GapJunction,Acetylcholine_GJ,1
VA01,AVAR,GapJunction,Acetylcholine_GJ,1
I03,M02L,GapJunction,Glutamate_GJ,1
I03,M01,Send,Glutamate,2
I03,M02R,GapJunction,Glutamate_GJ,1
URBL,CEPDL,Send,Acetylcholine,1
URBL,SIAVL,Send,Acetylcholine,1
URBL,RMDDR,Send,Acetylcholine,1
URBL,OLQVL,GapJunction,Acetylcholine_GJ,1
URBL,RICR,Send,Acetylcholine,1
URBL,SMBDR,Send,Acetylcholine,1
URBL,IL01L,Send,Acetylcholine,1
URBL,URXL,Send,Acetylcholine,2
URBL,AVBL,Send,Acetylcholine,1
URBL,OLQDL,GapJunction,Acetylcholine_GJ,1
I05,M05,GapJunction,Serotonin_Glutamate_GJ,1
I05,I01L,Send,Serotonin_Glutamate,3
I05,M01,Send,Serotonin_Glutamate,1
I05,MI,Send,Serotonin_Glutamate,2
I05,I01R,Send,Serotonin_Glutamate,2
I04,I05,Send,Glutamate,2
I04,I02R,Send,Glutamate,5
I04,I02L,Send,Glutamate,5
I04,M01,Send,Glutamate,2
PVPL,AVBR,Send,Glutamate,6
PVPL,VD03,GapJunction,Glutamate_GJ,1
PVPL,PVCR,Send,Glutamate,3
PVPL,PQR,GapJunction,Glutamate_GJ,4
PVPL,RIGL,Send,Glutamate,2
PVPL,AQR,GapJunction,Glutamate_GJ,7
PVPL,AVKR,GapJunction,Glutamate_GJ,6
PVPL,AVDR,Send,Glutamate,2
PVPL,AVAR,Send,Glutamate,1
PVPL,PHAR,GapJunction,Glutamate_GJ,3
PVPL,DVC,GapJunction,Glutamate_GJ,2
PVPL,PVPR,GapJunction,Glutamate_GJ,1
PVPL,AVAL,Send,Glutamate,1
PVPL,AVHR,Send,Glutamate,1
PVPL,ADAL,Send,Glutamate,1
PVPL,PVT,GapJunction,Glutamate_GJ,1
PVPL,AVER,Send,Glutamate,1
PVPL,AVKL,GapJunction,Glutamate_GJ,1
PVPL,VD01,GapJunction,Glutamate_GJ,2
PVPL,AVBL,Send,Glutamate,5
I06,NSMR,Send,Acetylcholine,2
I06,I02R,Send,Acetylcholine,2
I06,M05,GapJunction,Acetylcholine_GJ,2
I06,M04,GapJunction,Acetylcholine_GJ,1
I06,I02L,Send,Acetylcholine,2
I06,NSML,Send,Acetylcholine,2
I06,I03,Send,Acetylcholine,1
PVPR,PVCR,Send,Glutamate,7
PVPR,DVC,GapJunction,Glutamate_GJ,13
PVPR,AVKL,GapJunction,Glutamate_GJ,1
PVPR,PVCL,Send,Glutamate,4
PVPR,AQR,GapJunction,Glutamate_GJ,9
PVPR,DD02,Send,Glutamate,1
PVPR,AVAR,Send,Glutamate,2
PVPR,PVPL,GapJunction,Glutamate_GJ,1
PVPR,AVAL,Send,Glutamate,1
PVPR,RIMR,Send,Glutamate,1
PVPR,AVBR,Send,Glutamate,5
PVPR,RIAR,Send,Glutamate,2
PVPR,VD05,GapJunction,Glutamate_GJ,1
PVPR,VD04,GapJunction,Glutamate_GJ,1
PVPR,AVHL,Send,Glutamate,3
PVPR,ADFR,Send,Glutamate,1
PVPR,AVL,Send,Glutamate,4
PVPR,RMGR,Send,Glutamate,1
PVPR,RIGR,Send,Glutamate,1
PVPR,AVBL,Send,Glutamate,4
PVPR,ASHR,Send,Glutamate,1
PVPR,PVQR,Send,Glutamate,1
SABVL,AVAR,GapJunction,Acetylcholine_GJ,3
SABVL,DA01,GapJunction,Acetylcholine_GJ,2
SABVL,DA02,GapJunction,Acetylcholine_GJ,1
SIADR,RIBR,GapJunction,Acetylcholine_GJ,1
M03L,M03R,GapJunction,Glutamate_GJ,1
M03L,NSMR,Send,Glutamate,3
M03L,MI,Send,Glutamate,1
M03L,I05,Send,Glutamate,3
M03L,I04,Send,Glutamate,2
M03L,I06,Send,Glutamate,1
M03L,I01L,Send,Glutamate,4
M03L,MCL,GapJunction,Glutamate_GJ,1
M03L,M01,Send,Glutamate,1
M03L,NSML,Send,Glutamate,2
M03L,I01R,Send,Glutamate,4
M03L,MCR,GapJunction,Glutamate_GJ,1
VC04,AVHR,Send,Serotonin_Acetylcholine,1
VC04,VC01,Send,Serotonin_Acetylcholine,1
VC04,VC03,Send,Serotonin_Acetylcholine,4
VC04,VC05,GapJunction,Serotonin_Acetylcholine_GJ,1
VC04,AVFR,GapJunction,Serotonin_Acetylcholine_GJ,1
VC04,AVBL,Send,Serotonin_Acetylcholine,1
VC05,AVFL,Send,Serotonin_Acetylcholine,1
VC05,PVT,Send,Serotonin_Acetylcholine,1
VC05,URBL,Send,Serotonin_Acetylcholine,3
VC05,DVC,Send,Serotonin_Acetylcholine,2
VC05,VC03,GapJunction,Serotonin_Acetylcholine_GJ,2
VC05,VC04,Send,Serotonin_Acetylcholine,1
VC05,OLLR,Send,Serotonin_Acetylcholine,1
VC05,AVFR,Send,Serotonin_Acetylcholine,1
VC05,HSNL,Send,Serotonin_Acetylcholine,1
PHCL,PLML,GapJunction,Glutamate_GJ,1
PHCL,DVA,Send,Glutamate,6
PHCL,AVAL,Send,Glutamate,1
PHCL,VA01,Send,Glutamate,2
PHCL,PHCR,GapJunction,Glutamate_GJ,1
PHCL,PVCL,Send,Glutamate,2
PHCL,DA09,Send,Glutamate,7
PHCL,LUAL,Send,Glutamate,1
ADEL,SIBDR,Send,Dopamine,1
ADEL,OLLL,Send,Dopamine,1
ADEL,RIVL,Send,Dopamine,1
ADEL,AVKR,GapJunction,Dopamine_GJ,1
ADEL,RMDL,Send,Dopamine,2
ADEL,SMBDR,Send,Dopamine,1
ADEL,IL01L,Send,Dopamine,1
ADEL,RIVR,Send,Dopamine,1
ADEL,RMHL,Send,Dopamine,1
ADEL,ADER,Send,Dopamine,1
ADEL,AVAR,Send,Dopamine,3
ADEL,SIADR,Send,Dopamine,1
ADEL,AVAL,Send,Dopamine,2
ADEL,ADAL,Send,Dopamine,1
ADEL,RIH,Send,Dopamine,2
ADEL,RIFL,Send,Dopamine,1
ADEL,CEPDL,Send,Dopamine,1
ADEL,URBL,Send,Dopamine,1
ADEL,AINL,GapJunction,Dopamine_GJ,1
ADEL,FLPL,Send,Dopamine,1
ADEL,AVEL,Send,Dopamine,1
ADEL,RIGL,Send,Dopamine,5
ADEL,RMGL,Send,Dopamine,1
ADEL,IL02L,Send,Dopamine,1
ADEL,AVL,Send,Dopamine,1
ADEL,BDUL,Send,Dopamine,1
ADEL,RIGR,Send,Dopamine,3
ADEL,RIAL,Send,Dopamine,1
RMGR,AVBR,Send,FRMFemide,1
RMGR,URXR,GapJunction,FRMFemide_GJ,1
RMGR,ASKR,GapJunction,FRMFemide_GJ,1
RMGR,AWBR,GapJunction,FRMFemide_GJ,1
RMGR,ADAR,Send,FRMFemide,1
RMGR,RMDL,Send,FRMFemide,4
RMGR,AVAR,Send,FRMFemide,1
RMGR,AIMR,Send,FRMFemide,1
RMGR,RIR,Send,FRMFemide,1
RMGR,IL02R,GapJunction,FRMFemide_GJ,1
RMGR,AVJL,Send,FRMFemide,1
RMGR,AVER,Send,FRMFemide,3
RMGR,AVDL,Send,FRMFemide,1
RMGR,RMDVR,Send,FRMFemide,5
RMGR,RMDR,Send,FRMFemide,2
RMGR,RMHR,GapJunction,FRMFemide_GJ,1
RMGR,ASHR,Send,FRMFemide,1
RMGR,ALNR,Send,FRMFemide,1
RIVL,RIAR,Send,GABA,1
RIVL,SDQR,GapJunction,GABA_GJ,2
RIVL,AIBL,GapJunction,GABA_GJ,1
RIVL,SAADR,Send,GABA,3
RIVL,RIVR,GapJunction,GABA_GJ,2
RIVL,SMDDR,Send,GABA,1
RIVL,SMDVL,GapJunction,GABA_GJ,1
RIVL,RMDL,Send,GABA,2
RIVL,SIAVR,Send,GABA,2
RIVL,RIAL,Send,GABA,1
PDER,PDEL,GapJunction,Dopamine_GJ,3
PDER,PVCR,Send,Dopamine,1
PDER,VD09,GapJunction,Dopamine_GJ,1
PDER,DVA,Send,Dopamine,35
PDER,VA08,GapJunction,Dopamine_GJ,1
PDER,AVKL,Send,Dopamine,16
PDER,PVCL,Send,Dopamine,1
PDER,PVM,GapJunction,Dopamine_GJ,1
ASIR,AWCR,Send,Glutamate,1
ASIR,AIBR,Send,Glutamate,1
ASIR,ASIL,GapJunction,Glutamate_GJ,1
ASIR,AIAR,GapJunction,Glutamate_GJ,2
ASIR,AIAL,Send,Glutamate,1
ASIR,ASEL,Send,Glutamate,2
ASIR,ASHR,Send,Glutamate,1
ASIR,AWCL,Send,Glutamate,1
AWAL,AWAR,GapJunction,Serotonin_GJ,1
AWAL,AIZL,Send,Serotonin,10
AWAL,AFDL,Send,Serotonin,5
AWAL,ASGL,Send,Serotonin,1
AWAL,AWBL,Send,Serotonin,1
AWAL,ADAL,Send,Serotonin,1
AWAL,AIAL,GapJunction,Serotonin_GJ,1
AWAL,ASEL,Send,Serotonin,4
AWAL,AIYL,Send,Serotonin,1
AIZL,ASHL,GapJunction,Glutamate_GJ,1
AIZL,AIBR,Send,Glutamate,8
AIZL,RIGL,Send,Glutamate,1
AIZL,VB02,Send,Glutamate,1
AIZL,RIAL,Send,Glutamate,8
AIZL,DVA,Send,Glutamate,1
AIZL,ASGL,GapJunction,Glutamate_GJ,1
AIZL,SMBVL,Send,Glutamate,7
AIZL,RIML,Send,Glutamate,4
AIZL,SMBDL,Send,Glutamate,9
AIZL,AIAL,Send,Glutamate,3
AIZL,ASEL,Send,Glutamate,1
AIZL,AVER,Send,Glutamate,5
AIZL,AIZR,GapJunction,Glutamate_GJ,2
AIZL,AIBL,Send,Glutamate,2
SIAVR,RIBR,GapJunction,Acetylcholine_GJ,1
VB06,AVBR,GapJunction,Acetylcholine_GJ,2
VB06,VD07,Send,Acetylcholine,8
VB06,VD06,Send,Acetylcholine,1
VB06,DD04,Send,Acetylcholine,30
VB06,DA04,GapJunction,Acetylcholine_GJ,1
VB06,VA08,Send,Acetylcholine,1
VB06,VB07,Send,Acetylcholine,1
VB06,VB05,GapJunction,Acetylcholine_GJ,1
VB06,AVBL,GapJunction,Acetylcholine_GJ,1
IL01VR,RMDDR,Send,Glutamate,10
IL01VR,IL01R,Send,Glutamate,1
IL01VR,IL02VR,Send,Glutamate,1
IL01VR,RIPR,Send,Glutamate,6
IL01VR,IL02R,GapJunction,Glutamate_GJ,1
IL01VR,IL01VL,GapJunction,Glutamate_GJ,1
IL01VR,RMER,Send,Glutamate,1
ADFL,AUAL,Send,Serotonin,5
ADFL,AIZL,Send,Serotonin,12
ADFL,RIGL,Send,Serotonin,1
ADFL,OLQVL,Send,Serotonin,1
ADFL,RIR,Send,Serotonin,2
ADFL,SMBVL,Send,Serotonin,2
ADFL,ADAL,Send,Serotonin,1
ADFL,RIAL,Send,Serotonin,15
RIBL,AIBR,Send,Glutamate,2
RIBL,OLQVL,GapJunction,Glutamate_GJ,1
RIBL,SMDVR,GapJunction,Glutamate_GJ,2
RIBL,SMBDL,GapJunction,Glutamate_GJ,1
RIBL,SIBDL,GapJunction,Glutamate_GJ,1
RIBL,PVT,GapJunction,Glutamate_GJ,1
RIBL,AVEL,Send,Glutamate,1
RIBL,RIBR,GapJunction,Glutamate_GJ,3
RIBL,SIADL,GapJunction,Glutamate_GJ,1
RIBL,AVAL,Send,Glutamate,1
RIBL,RIBL,GapJunction,Glutamate_GJ,1
RIBL,AVER,Send,Glutamate,5
RIBL,OLQDL,GapJunction,Glutamate_GJ,2
RIBL,AUAL,Send,Glutamate,1
RIBL,BAGR,Send,Glutamate,1
RIBL,AVBR,Send,Glutamate,1
RIBL,SIAVL,GapJunction,Glutamate_GJ,1
RIBL,RIGL,GapJunction,Glutamate_GJ,1
RIBL,AVDR,Send,Glutamate,1
RIBL,SIBVL,GapJunction,Glutamate_GJ,1
RIBL,SMDDL,GapJunction,Glutamate_GJ,1
RIBL,SIBVR,GapJunction,Glutamate_GJ,1
RIBL,RIAL,Send,Glutamate,3
RIBL,AVBL,GapJunction,Glutamate_GJ,1
DA04,VD05,Send,Acetylcholine,15
DA04,VD04,Send,Acetylcholine,12
DA04,DD02,Send,Acetylcholine,1
DA04,AVAR,GapJunction,Acetylcholine_GJ,2
DA04,AVAL,GapJunction,Acetylcholine_GJ,3
DA04,DA01,GapJunction,Acetylcholine_GJ,1
DA04,DA03,Send,Acetylcholine,1
DA04,DB03,GapJunction,Acetylcholine_GJ,1
DA04,VB06,GapJunction,Acetylcholine_GJ,1
DA05,VD05,Send,Acetylcholine,1
DA05,AS06,GapJunction,Acetylcholine_GJ,2
DA05,VD06,Send,Acetylcholine,16
DA05,AVAR,GapJunction,Acetylcholine_GJ,5
DA05,AVAL,GapJunction,Acetylcholine_GJ,1
DA05,DB04,Send,Acetylcholine,1
DA05,VA04,GapJunction,Acetylcholine_GJ,1
DA05,VA05,GapJunction,Acetylcholine_GJ,2
DA06,VD05,Send,Acetylcholine,3
DA06,AVAL,GapJunction,Acetylcholine_GJ,10
DA06,AVAR,GapJunction,Acetylcholine_GJ,2
DA06,VD04,Send,Acetylcholine,4
DA06,VD06,Send,Acetylcholine,3
DA07,AVAL,GapJunction,Acetylcholine_GJ,2
DA01,VD01,Send,Acetylcholine,17
DA01,VD02,Send,Acetylcholine,1
DA01,DD01,Send,Acetylcholine,4
DA01,AVAR,GapJunction,Acetylcholine_GJ,6
DA01,SABVR,GapJunction,Acetylcholine_GJ,3
DA01,DA04,GapJunction,Acetylcholine_GJ,1
DA01,SABVL,GapJunction,Acetylcholine_GJ,2
DA01,AVAL,GapJunction,Acetylcholine_GJ,2
DA02,AS03,GapJunction,Acetylcholine_GJ,1
DA02,AS02,GapJunction,Acetylcholine_GJ,1
DA02,VD03,Send,Acetylcholine,5
DA02,VD02,Send,Acetylcholine,11
DA02,DD01,Send,Acetylcholine,1
DA02,AVAR,GapJunction,Acetylcholine_GJ,2
DA02,SABVL,GapJunction,Acetylcholine_GJ,1
DA02,AVAL,GapJunction,Acetylcholine_GJ,2
DA02,VA01,GapJunction,Acetylcholine_GJ,2
DA02,VD01,Send,Acetylcholine,2
DA03,VD03,Send,Acetylcholine,25
DA03,VD04,Send,Acetylcholine,6
DA03,AS04,Send,Acetylcholine,1
DA03,DD02,Send,Acetylcholine,1
DA03,AVAR,GapJunction,Acetylcholine_GJ,2
DA03,DA04,Send,Acetylcholine,2
DA03,DB03,Send,Acetylcholine,1
AIZR,AWAR,GapJunction,Glutamate_GJ,1
AIZR,AIBR,Send,Glutamate,1
AIZR,AIZL,GapJunction,Glutamate_GJ,2
AIZR,RIMR,Send,Glutamate,4
AIZR,AVEL,Send,Glutamate,4
AIZR,AIAR,Send,Glutamate,1
AIZR,DVA,Send,Glutamate,1
AIZR,RIAR,Send,Glutamate,7
AIZR,SMBDR,Send,Glutamate,5
AIZR,ASGR,GapJunction,Glutamate_GJ,1
AIZR,SMDDR,Send,Glutamate,1
AIZR,SMBVR,Send,Glutamate,3
AIZR,AVER,Send,Glutamate,1
AIZR,AIBL,Send,Glutamate,8
AIZR,ASHR,GapJunction,Glutamate_GJ,1
DA08,AVAR,GapJunction,Acetylcholine_GJ,1
DA08,DA09,GapJunction,Acetylcholine_GJ,1
DA09,PHCL,GapJunction,Acetylcholine_GJ,1
DA09,DD06,Send,Acetylcholine,1
DA09,VD01,Send,Acetylcholine,1
DA09,RID,GapJunction,Acetylcholine_GJ,1
DA09,DA08,GapJunction,Acetylcholine_GJ,1
DA09,PDA,GapJunction,Acetylcholine_GJ,1
VB02,AVBR,GapJunction,Acetylcholine_GJ,1
VB02,VD03,Send,Acetylcholine,3
VB02,VD02,Send,Acetylcholine,9
VB02,RIGL,GapJunction,Acetylcholine_GJ,1
VB02,DD02,Send,Acetylcholine,1
VB02,DD01,Send,Acetylcholine,20
VB02,VC02,Send,Acetylcholine,1
VB02,VB03,GapJunction,Acetylcholine_GJ,1
VB02,VB01,GapJunction,Acetylcholine_GJ,4
VB02,VB07,GapJunction,Acetylcholine_GJ,2
VB02,VB05,GapJunction,Acetylcholine_GJ,1
VB02,VA02,Send,Acetylcholine,1
VB02,DB04,GapJunction,Acetylcholine_GJ,1
VB02,AVBL,GapJunction,Acetylcholine_GJ,3
ASHL,AIZL,GapJunction,Glutamate_GJ,1
ASHL,AVDR,Send,Glutamate,2
ASHL,RIAL,Send,Glutamate,4
ASHL,RMGL,GapJunction,Glutamate_GJ,1
ASHL,RICL,GapJunction,Glutamate_GJ,2
ASHL,RIPL,Send,Glutamate,1
ASHL,ADFL,Send,Glutamate,3
ASHL,AVAL,Send,Glutamate,2
ASHL,ADAL,Send,Glutamate,1
ASHL,AIAL,Send,Glutamate,7
ASHL,AVDL,Send,Glutamate,2
ASHL,RIML,Send,Glutamate,1
ASHL,ASKL,Send,Glutamate,1
ASHL,AIBL,Send,Glutamate,5
ASHL,ASHR,GapJunction,Glutamate_GJ,1
ASHL,AVBL,Send,Glutamate,6
SAAVR,RIMR,Send,Acetylcholine,2
SAAVR,AVAR,Send,Acetylcholine,13
SAAVR,RMDVR,GapJunction,Acetylcholine_GJ,1
SAAVR,SMBVL,GapJunction,Acetylcholine_GJ,2
SAAVR,SMDDL,Send,Acetylcholine,6
SAAVR,RIML,Send,Acetylcholine,5
RIAR,SMDVR,Send,GABA,7
RIAR,RMDR,Send,GABA,8
RIAR,SIAVL,Send,GABA,1
RIAR,RMDDR,Send,GABA,11
RIAR,CEPVR,Send,GABA,1
RIAR,IL01R,Send,GABA,1
RIAR,RMDL,Send,GABA,3
RIAR,RMDVR,Send,GABA,10
RIAR,SIADR,Send,GABA,1
RIAR,SMDDL,Send,GABA,7
RIAR,RMDVL,Send,GABA,12
RIAR,SMDDR,Send,GABA,7
RIAR,SMDVL,Send,GABA,13
RIAR,RIVL,Send,GABA,1
RIAR,RMDDL,Send,GABA,10
RIAR,RIAL,Send,GABA,4
RIAR,SAADR,Send,GABA,1
RIAR,SIADL,Send,GABA,1
MCL,I02R,Send,Acetylcholine,1
MCL,M02R,GapJunction,Acetylcholine_GJ,2
MCL,I01R,Send,Acetylcholine,3
MCL,M02L,GapJunction,Acetylcholine_GJ,2
MCL,I01L,Send,Acetylcholine,3
MCL,M01,Send,Acetylcholine,1
MCL,I02L,Send,Acetylcholine,1
MCL,I03,Send,Acetylcholine,1
VB01,PVCR,Send,Acetylcholine,1
VB01,AVBR,GapJunction,Acetylcholine_GJ,1
VB01,DD06,Send,Acetylcholine,7
VB01,VA01,Send,Acetylcholine,1
VB01,AVBL,GapJunction,Acetylcholine_GJ,2
SIAVL,RIBL,GapJunction,Acetylcholine_GJ,1
AVDR,ADLL,GapJunction,Glutamate_GJ,1
AVDR,AVJL,GapJunction,Glutamate_GJ,2
AVDR,DVC,Send,Glutamate,1
AVDR,DB04,Send,Glutamate,1
AVDR,VA01,Send,Glutamate,1
AVDR,AVAR,Send,Glutamate,15
AVDR,SABVR,Send,Glutamate,1
AVDR,SABVL,Send,Glutamate,3
AVDR,AVAL,Send,Glutamate,16
AVDR,ADAL,GapJunction,Glutamate_GJ,2
AVDR,AS01,Send,Glutamate,1
AVDR,VA02,Send,Glutamate,1
AVDR,VA03,Send,Glutamate,2
AVDR,VA06,Send,Glutamate,1
AVDR,SABD,Send,Glutamate,1
AVDR,AS05,Send,Glutamate,1
AVDR,FLPR,GapJunction,Glutamate_GJ,1
AVDR,DA04,Send,Glutamate,1
AVDR,DA05,Send,Glutamate,2
AVDR,DA01,Send,Glutamate,2
AVDR,DA02,Send,Glutamate,1
AVDR,DA03,Send,Glutamate,1
AVDR,DA08,Send,Glutamate,1
AVDR,DA09,Send,Glutamate,1
AVDR,PQR,Send,Glutamate,1
AVDR,AVDL,Send,Glutamate,2
AVDR,LUAL,Send,Glutamate,2
AVDR,AVBL,Send,Glutamate,1
PHBR,AVFL,Send,Serotonin,1
PHBR,PVCR,Send,Serotonin,3
PHBR,AVDR,Send,Serotonin,1
PHBR,AVAR,Send,Serotonin,7
PHBR,AVHL,GapJunction,Serotonin_GJ,1
PHBR,AVAL,Send,Serotonin,7
PHBR,PHBL,GapJunction,Serotonin_GJ,3
PHBR,AVDL,Send,Serotonin,1
PHBR,PVCL,Send,Serotonin,6
PHBR,DA08,Send,Serotonin,1
PHBR,VA01,Send,Serotonin,2
MCR,I03,Send,Acetylcholine,1
MCR,M02R,GapJunction,Acetylcholine_GJ,2
MCR,I01R,Send,Acetylcholine,3
MCR,M02L,GapJunction,Acetylcholine_GJ,2
MCR,I01L,Send,Acetylcholine,3
MCR,M01,Send,Acetylcholine,1
LUAL,PLML,GapJunction,Glutamate_GJ,1
LUAL,AVDR,Send,Glutamate,2
LUAL,PVWL,Send,Glutamate,1
LUAL,AVAR,Send,Glutamate,6
LUAL,AVAL,Send,Glutamate,5
LUAL,PVR,GapJunction,Glutamate_GJ,1
LUAL,PHBL,Send,Glutamate,1
LUAL,AVJL,Send,Glutamate,1
LUAL,AVDL,Send,Glutamate,4
LUAL,PVNL,Send,Glutamate,1
PHBL,PHBR,GapJunction,Serotonin_GJ,3
PHBL,AVAR,Send,Serotonin,6
PHBL,AVAL,Send,Serotonin,9
PHBL,AVDL,Send,Serotonin,1
PHBL,PVCL,Send,Serotonin,13
PHBL,VA01,Send,Serotonin,1
RMDL,RIAR,Send,Acetylcholine,3
RMDL,RMDDR,Send,Acetylcholine,1
RMDL,RMDR,Send,Acetylcholine,3
RMDL,RMER,Send,Acetylcholine,1
RMDL,RMFL,Send,Acetylcholine,1
RMDL,RMDVL,GapJunction,Acetylcholine_GJ,1
RMDL,RMDDL,GapJunction,Acetylcholine_GJ,1
RMDL,OLLR,Send,Acetylcholine,2
RMDL,RIAL,Send,Acetylcholine,4
AVDL,FLPL,GapJunction,Glutamate_GJ,1
AVDL,PVCL,Send,Glutamate,1
AVDL,ADAR,GapJunction,Glutamate_GJ,2
AVDL,AVAR,Send,Glutamate,19
AVDL,SABVR,Send,Glutamate,1
AVDL,SABVL,Send,Glutamate,1
AVDL,AVAL,Send,Glutamate,13
AVDL,AS01,Send,Glutamate,2
AVDL,AS01,Send,Glutamate,1
AVDL,SABD,Send,Glutamate,1
AVDL,VA05,Send,Glutamate,1
AVDL,AS01,Send,Glutamate,1
AVDL,AS05,Send,Glutamate,1
AVDL,AS04,Send,Glutamate,1
AVDL,FLPR,GapJunction,Glutamate_GJ,1
AVDL,DA04,Send,Glutamate,1
AVDL,DA05,Send,Glutamate,1
AVDL,DA01,Send,Glutamate,1
AVDL,DA02,Send,Glutamate,1
AVDL,DA03,Send,Glutamate,4
AVDL,DA08,Send,Glutamate,1
AVDL,AVM,GapJunction,Glutamate_GJ,2
AVDL,LUAL,Send,Glutamate,1
RIAL,RIAR,Send,GABA,1
RIAL,RMDR,Send,GABA,6
RIAL,RMDDR,Send,GABA,7
RIAL,RIVL,Send,GABA,2
RIAL,CEPVL,Send,GABA,1
RIAL,RMDVR,Send,GABA,11
RIAL,SMDDL,Send,GABA,8
RIAL,SMDVR,Send,GABA,11
RIAL,RMDVL,Send,GABA,9
RIAL,SMDDR,Send,GABA,10
RIAL,SMDVL,Send,GABA,6
RIAL,RIVR,Send,GABA,4
RIAL,RMDDL,Send,GABA,12
RIAL,RMDL,Send,GABA,6
RIAL,SIADL,Send,GABA,2
DD01,VD01,GapJunction,GABA_GJ,4
DD01,AVBR,GapJunction,GABA_GJ,1
DD01,VD02,GapJunction,GABA_GJ,2
DD01,DA02,Send,GABA,2
DD01,DD02,GapJunction,GABA_GJ,1
ASHR,ASHL,GapJunction,Glutamate_GJ,1
ASHR,AVBR,Send,Glutamate,3
ASHR,AIBR,Send,Glutamate,3
ASHR,AVDR,Send,Glutamate,1
ASHR,ASKR,GapJunction,Glutamate_GJ,1
ASHR,RICR,GapJunction,Glutamate_GJ,2
ASHR,ADAR,Send,Glutamate,2
ASHR,AIAR,Send,Glutamate,10
ASHR,AVAR,Send,Glutamate,5
ASHR,RIAR,Send,Glutamate,2
ASHR,ADFR,Send,Glutamate,2
ASHR,PVPR,Send,Glutamate,1
ASHR,RMGR,Send,Glutamate,2
ASHR,AVER,Send,Glutamate,3
ASHR,AVDL,Send,Glutamate,5
ASHR,AIZR,GapJunction,Glutamate_GJ,1
ASHR,HSNR,Send,Glutamate,1
